order_id,order_date,status,created_time,delivered_time,delivery_address,item_name,category,price,price_discounted,discount,quantity,amount
210903-408-3996,2021-09-03,доставлен,20:58:00,21:19:00,"Москва, улица Гиляровского, 47с1","Масло сливочное 82,5% Из Груши",База,189,189,0,1,189
210903-408-3996,2021-09-03,доставлен,20:58:00,21:19:00,"Москва, улица Гиляровского, 47с1",Доставка,Услуги Груши,79,79,0,1,79
210903-408-3996,2021-09-03,доставлен,20:58:00,21:19:00,"Москва, улица Гиляровского, 47с1",Упаковка,Услуги Груши,12,12,0,1,12
210906-770-9789,2021-09-06,доставлен,23:17:00,23:40:00,"Москва, улица Гиляровского, 47с1",Вода Святой источник негазированная,Вода,159,159,0,1,159
210906-770-9789,2021-09-06,доставлен,23:17:00,23:40:00,"Москва, улица Гиляровского, 47с1",Доставка,Услуги Груши,0,0,0,1,0
210916-231-5898,2021-09-16,доставлен,21:00:00,21:42:00,"Москва, улица Гиляровского, 47с1",Чипсы Lay's Из Печи Сметана и ароматные травы,Снеки,89,89,0,1,89
210916-231-5898,2021-09-16,доставлен,21:00:00,21:42:00,"Москва, улица Гиляровского, 47с1",Пирожное паштел де ната Хлеб Насущный,Сладости,119,119,0,1,119
210916-231-5898,2021-09-16,доставлен,21:00:00,21:42:00,"Москва, улица Гиляровского, 47с1",Миндаль жареный солёный Из Груши,Снеки,399,399,0,1,399
210916-231-5898,2021-09-16,доставлен,21:00:00,21:42:00,"Москва, улица Гиляровского, 47с1",Доставка,Услуги Груши,0,0,0,1,0
210917-553-7138,2021-09-17,доставлен,19:40:00,19:50:00,"Москва, улица Гиляровского, 47с1",Попкорн Holy Corn нежный сыр,Снеки,79,79,0,1,79
210917-553-7138,2021-09-17,доставлен,19:40:00,19:50:00,"Москва, улица Гиляровского, 47с1",Шоколад тёмный Люкс Бабаевский,Сладости,149,149,0,1,149
210917-553-7138,2021-09-17,доставлен,19:40:00,19:50:00,"Москва, улица Гиляровского, 47с1",Улитка с изюмом и заварным кремом Из Груши,Сладости,129,129,0,1,129
210917-553-7138,2021-09-17,доставлен,19:40:00,19:50:00,"Москва, улица Гиляровского, 47с1",Доставка,Услуги Груши,49,49,0,1,49
210917-553-7138,2021-09-17,доставлен,19:40:00,19:50:00,"Москва, улица Гиляровского, 47с1",Упаковка,Услуги Груши,12,12,0,1,12
210930-800-8346,2021-09-30,доставлен,23:12:00,23:29:00,"Москва, улица Гиляровского, 47с1",Сметана 20% Из Груши,База,89,89,0,1,89
210930-800-8346,2021-09-30,доставлен,23:12:00,23:29:00,"Москва, улица Гиляровского, 47с1",Доставка,Услуги Груши,49,49,0,1,49
210930-452-1887,2021-09-30,доставлен,23:58:00,00:17:00,"Москва, улица Гиляровского, 47с1",Вафельные рулетики Яшкино сгущёнка,Сладости,79,79,0,3,237
210930-452-1887,2021-09-30,доставлен,23:58:00,00:17:00,"Москва, улица Гиляровского, 47с1",Сочник с рикоттой Калачёво,Сладости,159,159,0,1,159
210930-452-1887,2021-09-30,доставлен,23:58:00,00:17:00,"Москва, улица Гиляровского, 47с1",Чипсы креветочные Nongshim острые,Снеки,139,139,0,1,139
210930-452-1887,2021-09-30,доставлен,23:58:00,00:17:00,"Москва, улица Гиляровского, 47с1",Доставка,Услуги Груши,79,79,0,1,79
211005-322-0430,2021-10-05,доставлен,23:14:00,23:31:00,"Москва, улица Гиляровского, 47с1","Масло сливочное 82,5% Из Груши",База,189,189,0,1,189
211005-322-0430,2021-10-05,доставлен,23:14:00,23:31:00,"Москва, улица Гиляровского, 47с1",Чипсы Lay's Из Печи Сметана и ароматные травы,Снеки,89,89,0,1,89
211005-322-0430,2021-10-05,доставлен,23:14:00,23:31:00,"Москва, улица Гиляровского, 47с1",Чипсы Lay's Из печи Нежный сыр с зеленью,Снеки,99,99,0,1,99
211005-322-0430,2021-10-05,доставлен,23:14:00,23:31:00,"Москва, улица Гиляровского, 47с1",Витамин D3 2000 МЕ Solgar 60 капсул,Аптека,1290,1290,0,1,1290
211005-322-0430,2021-10-05,доставлен,23:14:00,23:31:00,"Москва, улица Гиляровского, 47с1",Доставка,Услуги Груши,0,0,0,1,0
211005-322-0430,2021-10-05,доставлен,23:14:00,23:31:00,"Москва, улица Гиляровского, 47с1",Упаковка,Услуги Груши,12,12,0,1,12
211005-377-7388,2021-10-05,доставлен,23:58:00,00:19:00,"Москва, улица Гиляровского, 47с1",Сырок глазированный Из Груши ванильный в бельгийском шоколаде,Сладости,59,59,0,3,177
211005-377-7388,2021-10-05,доставлен,23:58:00,00:19:00,"Москва, улица Гиляровского, 47с1",Чипсы Mojno батат сыр чеддер,Снеки,169,169,0,1,169
211005-377-7388,2021-10-05,доставлен,23:58:00,00:19:00,"Москва, улица Гиляровского, 47с1",Доставка,Услуги Груши,79,79,0,1,79
211010-403-0696,2021-10-10,доставлен,21:02:00,21:14:00,"Москва, улица Гиляровского, 47с1",Вода Святой источник негазированная,Вода,159,159,0,1,159
211010-403-0696,2021-10-10,доставлен,21:02:00,21:14:00,"Москва, улица Гиляровского, 47с1",Рис Басмати отварной Азбука Вкуса,Готовая еда,89,89,0,1,89
211010-403-0696,2021-10-10,доставлен,21:02:00,21:14:00,"Москва, улица Гиляровского, 47с1",Шоколад молочный Schogetten с фундуком,Сладости,119,119,0,1,119
211010-403-0696,2021-10-10,доставлен,21:02:00,21:14:00,"Москва, улица Гиляровского, 47с1",Доставка,Услуги Груши,0,0,0,1,0
211010-403-0696,2021-10-10,доставлен,21:02:00,21:14:00,"Москва, улица Гиляровского, 47с1",Упаковка,Услуги Груши,12,12,0,1,12
211013-119-6502,2021-10-13,доставлен,22:52:00,23:11:00,"Москва, улица Гиляровского, 47с1",Котлеты куриные на пару Азбука вкуса,Готовая еда,209,209,0,2,418
211013-119-6502,2021-10-13,доставлен,22:52:00,23:11:00,"Москва, улица Гиляровского, 47с1",Сырники со сметаной Азбука Вкуса,Готовая еда,279,219,60,1,219
211013-119-6502,2021-10-13,доставлен,22:52:00,23:11:00,"Москва, улица Гиляровского, 47с1",Миндаль жареный солёный Из Груши,Снеки,399,399,0,1,399
211013-119-6502,2021-10-13,доставлен,22:52:00,23:11:00,"Москва, улица Гиляровского, 47с1",Хачапури по-аджарски Из Груши,Готовая еда,289,239,50,1,239
211013-119-6502,2021-10-13,доставлен,22:52:00,23:11:00,"Москва, улица Гиляровского, 47с1",Чипсы Lay's сыр,Снеки,149,149,0,2,298
211013-119-6502,2021-10-13,доставлен,22:52:00,23:11:00,"Москва, улица Гиляровского, 47с1",Доставка,Услуги Груши,0,0,0,1,0
211013-689-5980,2021-10-13,доставлен,23:35:00,00:09:00,"Москва, улица Гиляровского, 47с1",Чипсы Из Груши с томатом и паприкой,Снеки,79,79,0,1,79
211013-689-5980,2021-10-13,доставлен,23:35:00,00:09:00,"Москва, улица Гиляровского, 47с1",Сосиска в тесте Cook Chart Bakery,Готовая еда,89,89,0,2,178
211013-689-5980,2021-10-13,доставлен,23:35:00,00:09:00,"Москва, улица Гиляровского, 47с1",Чипсы Московский картофель сметана и зелень рифлёные,Снеки,159,119,40,1,119
211013-689-5980,2021-10-13,доставлен,23:35:00,00:09:00,"Москва, улица Гиляровского, 47с1","Масло сливочное 82,5% Вологодское",База,329,329,0,1,329
211013-689-5980,2021-10-13,доставлен,23:35:00,00:09:00,"Москва, улица Гиляровского, 47с1",Доставка,Услуги Груши,49,49,0,1,49
211016-829-5845,2021-10-16,доставлен,19:59:00,20:21:00,"Москва, улица Гиляровского, 47с1",Гречка отварная с маслом Азбука вкуса,Готовая еда,129,129,0,1,129
211016-829-5845,2021-10-16,доставлен,19:59:00,20:21:00,"Москва, улица Гиляровского, 47с1",Мармелад жевательный Happy Cola Haribo,Сладости,99,99,0,1,99
211016-829-5845,2021-10-16,доставлен,19:59:00,20:21:00,"Москва, улица Гиляровского, 47с1",Доставка,Услуги Груши,199,199,0,1,199
211016-829-5845,2021-10-16,доставлен,19:59:00,20:21:00,"Москва, улица Гиляровского, 47с1",Упаковка,Услуги Груши,12,12,0,1,12
211019-397-0296,2021-10-19,доставлен,22:28:00,22:44:00,"Москва, улица Гиляровского, 47с1",Батончик молочный KitKat с хрустящей вафлей,Сладости,59,59,0,3,177
211019-397-0296,2021-10-19,доставлен,22:28:00,22:44:00,"Москва, улица Гиляровского, 47с1",Зелёный горошек Из Груши быстрозамороженный,Овощи,149,149,0,1,149
211019-397-0296,2021-10-19,доставлен,22:28:00,22:44:00,"Москва, улица Гиляровского, 47с1",Батон Городской буше,База,119,89,30,1,89
211019-397-0296,2021-10-19,доставлен,22:28:00,22:44:00,"Москва, улица Гиляровского, 47с1",Доставка,Услуги Груши,79,79,0,1,79
211019-397-0296,2021-10-19,доставлен,22:28:00,22:44:00,"Москва, улица Гиляровского, 47с1",Упаковка,Услуги Груши,12,12,0,1,12
211020-369-7241,2021-10-20,доставлен,20:32:00,20:52:00,"Москва, улица Гиляровского, 47с1",Начос кукурузные Delicados,Снеки,189,189,0,1,189
211020-369-7241,2021-10-20,доставлен,20:32:00,20:52:00,"Москва, улица Гиляровского, 47с1",Lay's Из печи томаты и базилик,Снеки,109,109,0,1,109
211020-369-7241,2021-10-20,доставлен,20:32:00,20:52:00,"Москва, улица Гиляровского, 47с1",Чипсы Simply chips сыр пармезан с чесноком и зеленью,Снеки,89,89,0,1,89
211020-369-7241,2021-10-20,доставлен,20:32:00,20:52:00,"Москва, улица Гиляровского, 47с1",Доставка,Услуги Груши,0,0,0,1,0
211020-773-0843,2021-10-20,доставлен,22:06:00,22:23:00,"Москва, улица Гиляровского, 47с1",Яблоки Хонейкрисп (Медовый хруст),Фрукты,179,179,0,1,179
211020-773-0843,2021-10-20,доставлен,22:06:00,22:23:00,"Москва, улица Гиляровского, 47с1",Напиток энергетический Adrenaline Rush,Напитки,139,139,0,1,139
211020-773-0843,2021-10-20,доставлен,22:06:00,22:23:00,"Москва, улица Гиляровского, 47с1",Сухари Семейка Озби в сахаре с изюмом,Снеки,99,99,0,1,99
211020-773-0843,2021-10-20,доставлен,22:06:00,22:23:00,"Москва, улица Гиляровского, 47с1",Доставка,Услуги Груши,199,199,0,1,199
211020-773-0843,2021-10-20,доставлен,22:06:00,22:23:00,"Москва, улица Гиляровского, 47с1",Упаковка,Услуги Груши,12,12,0,1,12
211029-879-3707,2021-10-29,отменен,22:35:00,,"Москва, улица Гиляровского, 47с1",Сэндвич на зерновом хлебе с куриным филе и сливочным карри,Готовая еда,249,249,0,1,249
211029-879-3707,2021-10-29,отменен,22:35:00,,"Москва, улица Гиляровского, 47с1",Яблоки Гала,Фрукты,69,69,0,1,69
211029-879-3707,2021-10-29,отменен,22:35:00,,"Москва, улица Гиляровского, 47с1",Начос кукурузные Delicados,Снеки,189,189,0,1,189
211029-879-3707,2021-10-29,отменен,22:35:00,,"Москва, улица Гиляровского, 47с1",Доставка,Услуги Груши,0,0,0,1,0
211029-906-2524,2021-10-29,доставлен,22:47:00,22:56:00,"Москва, улица Гиляровского, 47с1",Суп-пюре сырный с креветками Азбука вкуса,Готовая еда,299,299,0,1,299
211029-906-2524,2021-10-29,доставлен,22:47:00,22:56:00,"Москва, улица Гиляровского, 47с1",Сосиска в тесте Cook Chart Bakery,Готовая еда,89,89,0,1,89
211029-906-2524,2021-10-29,доставлен,22:47:00,22:56:00,"Москва, улица Гиляровского, 47с1",Доставка,Услуги Груши,79,79,0,1,79
211102-468-3882,2021-11-02,доставлен,21:54:00,22:07:00,"Москва, улица Гиляровского, 47с1",Чипсы Lay's Из Печи Сметана и ароматные травы,Снеки,89,89,0,1,89
211102-468-3882,2021-11-02,доставлен,21:54:00,22:07:00,"Москва, улица Гиляровского, 47с1",Батончик Snickers лесной орех,Сладости,79,79,0,1,79
211102-468-3882,2021-11-02,доставлен,21:54:00,22:07:00,"Москва, улица Гиляровского, 47с1",Вода минеральная Нарзан газированная,Вода,89,89,0,1,89
211102-468-3882,2021-11-02,доставлен,21:54:00,22:07:00,"Москва, улица Гиляровского, 47с1",Оладьи из кабачков Азбука Вкуса,Готовая еда,279,279,0,1,279
211102-468-3882,2021-11-02,доставлен,21:54:00,22:07:00,"Москва, улица Гиляровского, 47с1",Доставка,Услуги Груши,149,149,0,1,149
211103-901-7788,2021-11-03,доставлен,23:25:00,23:52:00,"Москва, улица Гиляровского, 47с1",Рис Басмати отварной Азбука Вкуса,Готовая еда,89,89,0,1,89
211103-901-7788,2021-11-03,доставлен,23:25:00,23:52:00,"Москва, улица Гиляровского, 47с1",Батончик Snickers лесной орех,Сладости,79,79,0,1,79
211103-901-7788,2021-11-03,доставлен,23:25:00,23:52:00,"Москва, улица Гиляровского, 47с1",Пирожное Картошка Из Груши,Сладости,119,119,0,1,119
211103-901-7788,2021-11-03,доставлен,23:25:00,23:52:00,"Москва, улица Гиляровского, 47с1",Доставка,Услуги Груши,49,49,0,1,49
211103-901-7788,2021-11-03,доставлен,23:25:00,23:52:00,"Москва, улица Гиляровского, 47с1",Упаковка,Услуги Груши,12,12,0,1,12
211106-410-1891,2021-11-06,доставлен,19:31:00,19:44:00,"Москва, улица Гиляровского, 47с1",Сэндвич-ролл с креветками в соусе Том-ям Нияма,Готовая еда,219,219,0,1,219
211106-410-1891,2021-11-06,доставлен,19:31:00,19:44:00,"Москва, улица Гиляровского, 47с1","Напиток соевый Alpro Banana банановый 0,9%",Напитки,249,249,0,2,498
211106-410-1891,2021-11-06,доставлен,19:31:00,19:44:00,"Москва, улица Гиляровского, 47с1",Напиток соевый Alpro банановый,Напитки,219,219,0,1,219
211106-410-1891,2021-11-06,доставлен,19:31:00,19:44:00,"Москва, улица Гиляровского, 47с1",Печенье Орешек со сгущёнкой Братья Караваевы,Сладости,339,339,0,3,1017
211106-410-1891,2021-11-06,доставлен,19:31:00,19:44:00,"Москва, улица Гиляровского, 47с1",Доставка,Услуги Груши,149,149,0,1,149
211106-970-0007,2021-11-06,доставлен,19:42:00,20:10:00,"Москва, улица Гиляровского, 47с1","Масло сливочное 82,5% Из Груши",База,189,189,0,1,189
211106-970-0007,2021-11-06,доставлен,19:42:00,20:10:00,"Москва, улица Гиляровского, 47с1",Напиток соевый Alpro банановый,Напитки,219,219,0,1,219
211106-970-0007,2021-11-06,доставлен,19:42:00,20:10:00,"Москва, улица Гиляровского, 47с1",Сэндвич с жареными шампиньонами и сыром Чеддер Mates,Готовая еда,289,289,0,1,289
211106-970-0007,2021-11-06,доставлен,19:42:00,20:10:00,"Москва, улица Гиляровского, 47с1",Доставка,Услуги Груши,49,49,0,1,49
211106-970-0007,2021-11-06,доставлен,19:42:00,20:10:00,"Москва, улица Гиляровского, 47с1",Упаковка,Услуги Груши,12,12,0,1,12
211109-884-8740,2021-11-09,доставлен,23:31:00,23:46:00,"Москва, улица Гиляровского, 47с1",Батончик Бабаевский с шоколадной начинкой,Сладости,69,69,0,1,69
211109-884-8740,2021-11-09,доставлен,23:31:00,23:46:00,"Москва, улица Гиляровского, 47с1",Миндаль жареный солёный Из Груши,Снеки,399,399,0,1,399
211109-884-8740,2021-11-09,доставлен,23:31:00,23:46:00,"Москва, улица Гиляровского, 47с1",Шоколад молочный Ritter Sport Extra Nut с цельным лесным орехом,Сладости,159,159,0,1,159
211109-884-8740,2021-11-09,доставлен,23:31:00,23:46:00,"Москва, улица Гиляровского, 47с1",Суп том-ям с креветками Азбука Вкуса,Готовая еда,389,389,0,1,389
211109-884-8740,2021-11-09,доставлен,23:31:00,23:46:00,"Москва, улица Гиляровского, 47с1",Чипсы Lay's Из Печи Лисички в сметане,Снеки,99,99,0,1,99
211109-884-8740,2021-11-09,доставлен,23:31:00,23:46:00,"Москва, улица Гиляровского, 47с1",Доставка,Услуги Груши,119,119,0,1,119
211111-968-9236,2021-11-11,доставлен,22:16:00,22:27:00,"Москва, улица Гиляровского, 47с1",Батончики шоколадные Twix Minis,Сладости,209,209,0,1,209
211111-968-9236,2021-11-11,доставлен,22:16:00,22:27:00,"Москва, улица Гиляровского, 47с1",Чипсы креветочные Nongshim острые,Снеки,139,139,0,1,139
211111-968-9236,2021-11-11,доставлен,22:16:00,22:27:00,"Москва, улица Гиляровского, 47с1",Попкорн Holy Corn нежный сыр,Снеки,79,79,0,1,79
211111-968-9236,2021-11-11,доставлен,22:16:00,22:27:00,"Москва, улица Гиляровского, 47с1",Доставка,Услуги Груши,0,0,0,1,0
211112-595-3574,2021-11-12,доставлен,22:02:00,22:17:00,"Москва, улица Гиляровского, 47с1",Вода Святой источник негазированная,Вода,159,159,0,1,159
211112-595-3574,2021-11-12,доставлен,22:02:00,22:17:00,"Москва, улица Гиляровского, 47с1",Чипсы Lay's краб,Снеки,129,129,0,1,129
211112-595-3574,2021-11-12,доставлен,22:02:00,22:17:00,"Москва, улица Гиляровского, 47с1",Сэндвич с мортаделлой и трюфельным соусом Из Груши,Готовая еда,219,219,0,1,219
211112-595-3574,2021-11-12,доставлен,22:02:00,22:17:00,"Москва, улица Гиляровского, 47с1",Доставка,Услуги Груши,79,79,0,1,79
211113-425-2876,2021-11-13,доставлен,22:52:00,23:10:00,"Москва, улица Гиляровского, 47с1",Попкорн Holy Corn морская соль,Снеки,169,169,0,1,169
211113-425-2876,2021-11-13,доставлен,22:52:00,23:10:00,"Москва, улица Гиляровского, 47с1",Фриттата с креветками и овощами Из Груши,Готовая еда,239,239,0,1,239
211113-425-2876,2021-11-13,доставлен,22:52:00,23:10:00,"Москва, улица Гиляровского, 47с1",Кофе холодный латте Из Груши,Напитки,159,159,0,1,159
211113-425-2876,2021-11-13,доставлен,22:52:00,23:10:00,"Москва, улица Гиляровского, 47с1",Чипсы Lay's Из Печи Сметана и ароматные травы,Снеки,89,89,0,2,178
211113-425-2876,2021-11-13,доставлен,22:52:00,23:10:00,"Москва, улица Гиляровского, 47с1",Суп с куриными фрикадельками и пастой Алфавит Азбука вкуса,Готовая еда,129,129,0,1,129
211113-425-2876,2021-11-13,доставлен,22:52:00,23:10:00,"Москва, улица Гиляровского, 47с1",Доставка,Услуги Груши,99,99,0,1,99
211114-825-9886,2021-11-14,доставлен,22:52:00,23:10:00,"Москва, улица Гиляровского, 47с1",Чипсы Lay's краб,Снеки,129,129,0,2,258
211114-825-9886,2021-11-14,доставлен,22:52:00,23:10:00,"Москва, улица Гиляровского, 47с1",Чипсы Lay's сметана и лук рифлёные,Снеки,199,199,0,1,199
211114-825-9886,2021-11-14,доставлен,22:52:00,23:10:00,"Москва, улица Гиляровского, 47с1",Доставка,Услуги Груши,49,49,0,1,49
211114-322-6491,2021-11-14,доставлен,23:31:00,00:04:00,"Москва, улица Гиляровского, 47с1",Напиток энергетический Adrenaline Rush,Напитки,139,139,0,1,139
211114-322-6491,2021-11-14,доставлен,23:31:00,00:04:00,"Москва, улица Гиляровского, 47с1",Попкорн Holy Corn морская соль,Снеки,169,169,0,1,169
211114-322-6491,2021-11-14,доставлен,23:31:00,00:04:00,"Москва, улица Гиляровского, 47с1",Доставка,Услуги Груши,0,0,0,1,0
211116-577-7538,2021-11-16,доставлен,22:10:00,22:19:00,"Москва, улица Гиляровского, 47с1",Пицца Маргарита Из Груши,Готовая еда,399,399,0,2,798
211116-577-7538,2021-11-16,доставлен,22:10:00,22:19:00,"Москва, улица Гиляровского, 47с1",Спелые бананы,Фрукты,129,129,0,1,129
211116-577-7538,2021-11-16,доставлен,22:10:00,22:19:00,"Москва, улица Гиляровского, 47с1",Доставка,Услуги Груши,49,49,0,1,49
211119-710-4768,2021-11-19,доставлен,23:54:00,00:04:00,"Москва, улица Гиляровского, 47с1",Суп с куриными фрикадельками и пастой Алфавит Азбука вкуса,Готовая еда,129,129,0,1,129
211119-710-4768,2021-11-19,доставлен,23:54:00,00:04:00,"Москва, улица Гиляровского, 47с1",Чипсы Lay's с солью,Снеки,49,49,0,1,49
211119-710-4768,2021-11-19,доставлен,23:54:00,00:04:00,"Москва, улица Гиляровского, 47с1",Напиток энергетический Adrenaline Rush,Напитки,139,139,0,1,139
211119-710-4768,2021-11-19,доставлен,23:54:00,00:04:00,"Москва, улица Гиляровского, 47с1",Доставка,Услуги Груши,0,0,0,1,0
211123-829-0991,2021-11-23,доставлен,21:04:00,21:16:00,"Москва, улица Гиляровского, 47с1",Хлебцы гречневые Dr. Korner,Снеки,89,89,0,2,178
211123-829-0991,2021-11-23,доставлен,21:04:00,21:16:00,"Москва, улица Гиляровского, 47с1",Напиток соевый Alpro банановый,Напитки,219,219,0,2,438
211123-829-0991,2021-11-23,доставлен,21:04:00,21:16:00,"Москва, улица Гиляровского, 47с1","Напиток овсяный Nemoloko 3,2% классический",Напитки,119,119,0,1,119
211123-829-0991,2021-11-23,доставлен,21:04:00,21:16:00,"Москва, улица Гиляровского, 47с1",Сэндвич с ростбифом The Truffle,Готовая еда,309,309,0,1,309
211123-829-0991,2021-11-23,доставлен,21:04:00,21:16:00,"Москва, улица Гиляровского, 47с1",Голубика,Фрукты,199,199,0,1,199
211123-829-0991,2021-11-23,доставлен,21:04:00,21:16:00,"Москва, улица Гиляровского, 47с1",Миндаль жареный солёный Из Груши,Снеки,399,399,0,1,399
211123-829-0991,2021-11-23,доставлен,21:04:00,21:16:00,"Москва, улица Гиляровского, 47с1",Доставка,Услуги Груши,49,49,0,1,49
211123-829-0991,2021-11-23,доставлен,21:04:00,21:16:00,"Москва, улица Гиляровского, 47с1",Упаковка,Услуги Груши,12,12,0,1,12
211124-936-1464,2021-11-24,доставлен,23:40:00,00:10:00,"Москва, улица Гиляровского, 47с1",Чипсы Pringles паприка,Снеки,269,269,0,1,269
211124-936-1464,2021-11-24,доставлен,23:40:00,00:10:00,"Москва, улица Гиляровского, 47с1",Поке с креветкой том ям Soul in the Bowl,Готовая еда,319,319,0,1,319
211124-936-1464,2021-11-24,доставлен,23:40:00,00:10:00,"Москва, улица Гиляровского, 47с1",Доставка,Услуги Груши,0,0,0,1,0
211127-983-3172,2021-11-27,доставлен,20:50:00,21:08:00,"Москва, улица Гиляровского, 47с1",Миндаль жареный солёный Из Груши,Снеки,399,399,0,1,399
211127-983-3172,2021-11-27,доставлен,20:50:00,21:08:00,"Москва, улица Гиляровского, 47с1",Фунчоза с овощами по-корейски Азбука Вкуса,Готовая еда,99,99,0,1,99
211127-983-3172,2021-11-27,доставлен,20:50:00,21:08:00,"Москва, улица Гиляровского, 47с1",Шаурма с курицей Из Груши,Готовая еда,259,259,0,1,259
211127-983-3172,2021-11-27,доставлен,20:50:00,21:08:00,"Москва, улица Гиляровского, 47с1",Печенье Творожные ушки Братья Караваевы,Сладости,249,249,0,1,249
211127-983-3172,2021-11-27,доставлен,20:50:00,21:08:00,"Москва, улица Гиляровского, 47с1",Доставка,Услуги Груши,119,119,0,1,119
211127-983-3172,2021-11-27,доставлен,20:50:00,21:08:00,"Москва, улица Гиляровского, 47с1",Упаковка,Услуги Груши,12,12,0,1,12
211128-665-8835,2021-11-28,доставлен,20:30:00,21:00:00,"Москва, улица Гиляровского, 47с1",Чипсы креветочные Nongshim острые,Снеки,139,139,0,1,139
211128-665-8835,2021-11-28,доставлен,20:30:00,21:00:00,"Москва, улица Гиляровского, 47с1",Чипсы Simply chips сыр пармезан с чесноком и зеленью,Снеки,89,69,20,2,138
211128-665-8835,2021-11-28,доставлен,20:30:00,21:00:00,"Москва, улица Гиляровского, 47с1",Попкорн Holy Corn нежный сыр,Снеки,79,79,0,1,79
211128-665-8835,2021-11-28,доставлен,20:30:00,21:00:00,"Москва, улица Гиляровского, 47с1",Омлет запечённый с муссом из филе лосося,Готовая еда,199,199,0,2,398
211128-665-8835,2021-11-28,доставлен,20:30:00,21:00:00,"Москва, улица Гиляровского, 47с1",Чипсы Lay's Из Печи Сметана и ароматные травы,Снеки,89,89,0,1,89
211128-665-8835,2021-11-28,доставлен,20:30:00,21:00:00,"Москва, улица Гиляровского, 47с1",Доставка,Услуги Груши,119,119,0,1,119
211128-665-8835,2021-11-28,доставлен,20:30:00,21:00:00,"Москва, улица Гиляровского, 47с1",Упаковка,Услуги Груши,12,12,0,1,12
211209-918-9623,2021-12-09,отменен,20:49:00,,"Москва, улица Гиляровского, 47с1","Масло сливочное 82,5% Из Груши",База,189,189,0,1,189
211209-918-9623,2021-12-09,отменен,20:49:00,,"Москва, улица Гиляровского, 47с1",Попкорн Holy Corn морская соль,Снеки,169,129,40,1,129
211209-918-9623,2021-12-09,отменен,20:49:00,,"Москва, улица Гиляровского, 47с1",Сэндвич с мортаделлой и трюфельным соусом Из Груши,Готовая еда,219,219,0,1,219
211209-918-9623,2021-12-09,отменен,20:49:00,,"Москва, улица Гиляровского, 47с1",Икра деликатесная Санта Бремор с копчёным лососем,Готовая еда,159,159,0,2,318
211209-918-9623,2021-12-09,отменен,20:49:00,,"Москва, улица Гиляровского, 47с1",Доставка,Услуги Груши,79,79,0,1,79
211209-918-9623,2021-12-09,отменен,20:49:00,,"Москва, улица Гиляровского, 47с1",Упаковка,Услуги Груши,12,12,0,1,12
211210-613-9759,2021-12-10,доставлен,23:00:00,23:16:00,"Москва, улица Гиляровского, 47с1",Вода минеральная лечебно-столовая Borjomi газированная,Вода,149,149,0,2,298
211210-613-9759,2021-12-10,доставлен,23:00:00,23:16:00,"Москва, улица Гиляровского, 47с1",Напиток газированный Кола Добрый,Напитки,89,89,0,1,89
211210-613-9759,2021-12-10,доставлен,23:00:00,23:16:00,"Москва, улица Гиляровского, 47с1",Чипсы Lay's сыр,Снеки,149,149,0,1,149
211210-613-9759,2021-12-10,доставлен,23:00:00,23:16:00,"Москва, улица Гиляровского, 47с1",Напиток соевый Alpro банановый,Напитки,219,219,0,1,219
211210-613-9759,2021-12-10,доставлен,23:00:00,23:16:00,"Москва, улица Гиляровского, 47с1",Доставка,Услуги Груши,119,119,0,1,119
211213-031-6250,2021-12-13,доставлен,19:59:00,20:04:00,"Москва, улица Гиляровского, 47с1",Батончик Бабаевский с шоколадной начинкой,Сладости,69,69,0,1,69
211213-031-6250,2021-12-13,доставлен,19:59:00,20:04:00,"Москва, улица Гиляровского, 47с1",Чипсы Pringles паприка,Снеки,269,219,50,1,219
211213-031-6250,2021-12-13,доставлен,19:59:00,20:04:00,"Москва, улица Гиляровского, 47с1",Доставка,Услуги Груши,0,0,0,1,0
211213-031-6250,2021-12-13,доставлен,19:59:00,20:04:00,"Москва, улица Гиляровского, 47с1",Упаковка,Услуги Груши,12,12,0,1,12
211213-650-7697,2021-12-13,доставлен,21:46:00,22:00:00,"Москва, улица Гиляровского, 47с1",Попкорн из креветок Нияма,Готовая еда,379,379,0,1,379
211213-650-7697,2021-12-13,доставлен,21:46:00,22:00:00,"Москва, улица Гиляровского, 47с1",Шоколад молочный Ritter Sport Extra Nut с цельным миндалём,Сладости,229,229,0,2,458
211213-650-7697,2021-12-13,доставлен,21:46:00,22:00:00,"Москва, улица Гиляровского, 47с1",Напиток соевый Alpro банановый,Напитки,219,219,0,1,219
211213-650-7697,2021-12-13,доставлен,21:46:00,22:00:00,"Москва, улица Гиляровского, 47с1",Чай холодный Из Груши с лимоном,Напитки,129,129,0,3,387
211213-650-7697,2021-12-13,доставлен,21:46:00,22:00:00,"Москва, улица Гиляровского, 47с1",Доставка,Услуги Груши,0,0,0,1,0
211223-645-2454,2021-12-23,доставлен,19:46:00,20:04:00,"Москва, улица Гиляровского, 47с1",Вода Святой источник негазированная,Вода,159,159,0,1,159
211223-645-2454,2021-12-23,доставлен,19:46:00,20:04:00,"Москва, улица Гиляровского, 47с1",Хачапури по-аджарски Из Груши,Готовая еда,289,199,90,1,199
211223-645-2454,2021-12-23,доставлен,19:46:00,20:04:00,"Москва, улица Гиляровского, 47с1",Витамин D3 2000 МЕ Solgar 60 капсул,Аптека,1290,1290,0,1,1290
211223-645-2454,2021-12-23,доставлен,19:46:00,20:04:00,"Москва, улица Гиляровского, 47с1",Лапша быстрого приготовления Доширак курица,Готовая еда,69,69,0,2,138
211223-645-2454,2021-12-23,доставлен,19:46:00,20:04:00,"Москва, улица Гиляровского, 47с1",Доставка,Услуги Груши,0,0,0,1,0
211223-413-1317,2021-12-23,доставлен,19:56:00,20:24:00,"Москва, улица Гиляровского, 47с1",Блинчики с творогом Азбука Вкуса,Готовая еда,169,169,0,1,169
211223-413-1317,2021-12-23,доставлен,19:56:00,20:24:00,"Москва, улица Гиляровского, 47с1",Пирожное Картошка Из Груши,Сладости,119,119,0,1,119
211223-413-1317,2021-12-23,доставлен,19:56:00,20:24:00,"Москва, улица Гиляровского, 47с1",Батончик арахисовый Kick в карамельном шоколаде,Сладости,159,159,0,1,159
211223-413-1317,2021-12-23,доставлен,19:56:00,20:24:00,"Москва, улица Гиляровского, 47с1",Доставка,Услуги Груши,0,0,0,1,0
211224-546-7506,2021-12-24,доставлен,19:59:00,20:13:00,"Москва, улица Гиляровского, 47с1",Круассан с миндалём Из Груши,Сладости,159,159,0,1,159
211224-546-7506,2021-12-24,доставлен,19:59:00,20:13:00,"Москва, улица Гиляровского, 47с1",Доставка,Услуги Груши,79,79,0,1,79
211225-920-7260,2021-12-25,доставлен,23:29:00,23:45:00,"Москва, улица Гиляровского, 47с1",Чипсы Simply chips сыр пармезан с чесноком и зеленью,Снеки,89,89,0,1,89
211225-920-7260,2021-12-25,доставлен,23:29:00,23:45:00,"Москва, улица Гиляровского, 47с1",Пирог с сыром и шпинатом Рамонти Пайз,Готовая еда,179,179,0,1,179
211225-920-7260,2021-12-25,доставлен,23:29:00,23:45:00,"Москва, улица Гиляровского, 47с1",Семена тыквы очищенные Из Груши,Снеки,159,159,0,1,159
211225-920-7260,2021-12-25,доставлен,23:29:00,23:45:00,"Москва, улица Гиляровского, 47с1",Рулет с ромом и изюмом буше,Сладости,119,119,0,1,119
211225-920-7260,2021-12-25,доставлен,23:29:00,23:45:00,"Москва, улица Гиляровского, 47с1",Батончик шоколадный Cadbury Wispa,Сладости,39,39,0,1,39
211225-920-7260,2021-12-25,доставлен,23:29:00,23:45:00,"Москва, улица Гиляровского, 47с1",Доставка,Услуги Груши,119,119,0,1,119
211225-920-7260,2021-12-25,доставлен,23:29:00,23:45:00,"Москва, улица Гиляровского, 47с1",Упаковка,Услуги Груши,12,12,0,1,12
211230-270-3035,2021-12-30,доставлен,19:29:00,19:46:00,"Москва, улица Гиляровского, 47с1","Масло сливочное 82,5% Из Груши традиционное",База,199,199,0,1,199
211230-270-3035,2021-12-30,доставлен,19:29:00,19:46:00,"Москва, улица Гиляровского, 47с1",Попкорн Holy Corn морская соль,Снеки,169,169,0,1,169
211230-270-3035,2021-12-30,доставлен,19:29:00,19:46:00,"Москва, улица Гиляровского, 47с1",Напиток соевый Alpro банановый,Напитки,219,219,0,1,219
211230-270-3035,2021-12-30,доставлен,19:29:00,19:46:00,"Москва, улица Гиляровского, 47с1",Чипсы Pringles Original,Снеки,269,269,0,1,269
211230-270-3035,2021-12-30,доставлен,19:29:00,19:46:00,"Москва, улица Гиляровского, 47с1","Protein pot с яйцом, сыром фета и помидорами черри Азбука life",Готовая еда,199,199,0,1,199
211230-270-3035,2021-12-30,доставлен,19:29:00,19:46:00,"Москва, улица Гиляровского, 47с1",Битые огурцы Чихо,Готовая еда,219,219,0,1,219
211230-270-3035,2021-12-30,доставлен,19:29:00,19:46:00,"Москва, улица Гиляровского, 47с1",Доставка,Услуги Груши,99,99,0,1,99
211230-270-3035,2021-12-30,доставлен,19:29:00,19:46:00,"Москва, улица Гиляровского, 47с1",Упаковка,Услуги Груши,12,12,0,1,12
220102-441-0818,2022-01-02,доставлен,23:03:00,23:13:00,"Москва, улица Гиляровского, 47с1",Чипсы Lay's Из Печи Сметана и ароматные травы,Снеки,99,79,20,1,79
220102-441-0818,2022-01-02,доставлен,23:03:00,23:13:00,"Москва, улица Гиляровского, 47с1",Салат Крабовый Азбука вкуса,Готовая еда,159,159,0,1,159
220102-441-0818,2022-01-02,доставлен,23:03:00,23:13:00,"Москва, улица Гиляровского, 47с1",Английский маффин с беконом и яйцом Mates,Готовая еда,289,289,0,1,289
220102-441-0818,2022-01-02,доставлен,23:03:00,23:13:00,"Москва, улица Гиляровского, 47с1",Доставка,Услуги Груши,99,99,0,1,99
220103-251-4164,2022-01-03,доставлен,20:41:00,20:47:00,"Москва, улица Гиляровского, 47с1",Сэндвич с ростбифом The Truffle,Готовая еда,309,309,0,1,309
220103-251-4164,2022-01-03,доставлен,20:41:00,20:47:00,"Москва, улица Гиляровского, 47с1",Хлебцы гречневые Dr. Korner,Снеки,89,89,0,1,89
220103-251-4164,2022-01-03,доставлен,20:41:00,20:47:00,"Москва, улица Гиляровского, 47с1",Сырники со сметаной Азбука Вкуса,Готовая еда,329,329,0,1,329
220103-251-4164,2022-01-03,доставлен,20:41:00,20:47:00,"Москва, улица Гиляровского, 47с1",Доставка,Услуги Груши,149,149,0,1,149
220107-574-4975,2022-01-07,доставлен,23:58:00,00:14:00,"Москва, улица Гиляровского, 47с1",Эвалар Витамин С таблетки шипучие 1000 мг 20 шт,Аптека,709,709,0,1,709
220107-574-4975,2022-01-07,доставлен,23:58:00,00:14:00,"Москва, улица Гиляровского, 47с1",Котлеты куриные с картофельным пюре Азбука Вкуса,Готовая еда,319,319,0,2,638
220107-574-4975,2022-01-07,доставлен,23:58:00,00:14:00,"Москва, улица Гиляровского, 47с1","Напиток функциональный Actimuno гранат 1,5%",Напитки,49,49,0,1,49
220107-574-4975,2022-01-07,доставлен,23:58:00,00:14:00,"Москва, улица Гиляровского, 47с1",Улитка с корицей Из Груши,Сладости,129,129,0,2,258
220107-574-4975,2022-01-07,доставлен,23:58:00,00:14:00,"Москва, улица Гиляровского, 47с1",Доставка,Услуги Груши,49,49,0,1,49
220107-574-4975,2022-01-07,доставлен,23:58:00,00:14:00,"Москва, улица Гиляровского, 47с1",Упаковка,Услуги Груши,12,12,0,1,12
220109-700-7611,2022-01-09,доставлен,20:24:00,20:32:00,"Москва, улица Гиляровского, 47с1","Масло сливочное 82,5% Из Груши",База,189,189,0,1,189
220109-700-7611,2022-01-09,доставлен,20:24:00,20:32:00,"Москва, улица Гиляровского, 47с1",Попкорн для СВЧ Из Груши с солью,Снеки,49,49,0,1,49
220109-700-7611,2022-01-09,доставлен,20:24:00,20:32:00,"Москва, улица Гиляровского, 47с1","Напиток овсяный Nemoloko 3,2% классический",Напитки,149,149,0,1,149
220109-700-7611,2022-01-09,доставлен,20:24:00,20:32:00,"Москва, улица Гиляровского, 47с1",Чипсы Lay's Из Печи Сметана и ароматные травы,Снеки,99,99,0,1,99
220109-700-7611,2022-01-09,доставлен,20:24:00,20:32:00,"Москва, улица Гиляровского, 47с1",Доставка,Услуги Груши,79,79,0,1,79
220115-755-0857,2022-01-15,доставлен,21:00:00,21:19:00,"Москва, улица Гиляровского, 47с1",Спрей для горла Гексорал,Аптека,449,449,0,1,449
220115-755-0857,2022-01-15,доставлен,21:00:00,21:19:00,"Москва, улица Гиляровского, 47с1",Доставка,Услуги Груши,0,0,0,1,0
220115-755-0857,2022-01-15,доставлен,21:00:00,21:19:00,"Москва, улица Гиляровского, 47с1",Упаковка,Услуги Груши,12,12,0,1,12
220115-146-8881,2022-01-15,доставлен,23:40:00,23:49:00,"Москва, улица Гиляровского, 47с1","Напиток овсяный Nemoloko 3,2% классический",Напитки,149,149,0,2,298
220115-146-8881,2022-01-15,доставлен,23:40:00,23:49:00,"Москва, улица Гиляровского, 47с1",Шоколад молочный Ritter Sport Extra Nut с цельным лесным орехом,Сладости,159,159,0,1,159
220115-146-8881,2022-01-15,доставлен,23:40:00,23:49:00,"Москва, улица Гиляровского, 47с1",Доставка,Услуги Груши,0,0,0,1,0
220118-692-5036,2022-01-18,доставлен,21:09:00,21:34:00,"Москва, улица Гиляровского, 47с1",Чипсы Lay's Из Печи Сметана и ароматные травы,Снеки,99,99,0,1,99
220118-692-5036,2022-01-18,доставлен,21:09:00,21:34:00,"Москва, улица Гиляровского, 47с1",Шоколад молочный Milka с фундуком,Сладости,139,99,40,1,99
220118-692-5036,2022-01-18,доставлен,21:09:00,21:34:00,"Москва, улица Гиляровского, 47с1",Филе куриное запечённое с помидорами и сыром Азбука Вкуса,Готовая еда,289,289,0,1,289
220118-692-5036,2022-01-18,доставлен,21:09:00,21:34:00,"Москва, улица Гиляровского, 47с1",Батончик шоколадный Mars Max,Сладости,89,59,30,2,118
220118-692-5036,2022-01-18,доставлен,21:09:00,21:34:00,"Москва, улица Гиляровского, 47с1",Батончик Twix Xtra с карамелью и шоколадом,Сладости,79,79,0,1,79
220118-692-5036,2022-01-18,доставлен,21:09:00,21:34:00,"Москва, улица Гиляровского, 47с1",Доставка,Услуги Груши,49,49,0,1,49
220122-165-4010,2022-01-22,доставлен,19:28:00,19:40:00,"Москва, улица Гиляровского, 47с1",Клей-гель супер моментальный Секунда,Товары для дома,79,79,0,1,79
220122-165-4010,2022-01-22,доставлен,19:28:00,19:40:00,"Москва, улица Гиляровского, 47с1",Доставка,Услуги Груши,79,79,0,1,79
220122-165-4010,2022-01-22,доставлен,19:28:00,19:40:00,"Москва, улица Гиляровского, 47с1",Упаковка,Услуги Груши,12,12,0,1,12
220129-266-7981,2022-01-29,доставлен,22:48:00,22:58:00,"Москва, улица Гиляровского, 47с1",Вода Святой источник негазированная,Вода,129,129,0,1,129
220129-266-7981,2022-01-29,доставлен,22:48:00,22:58:00,"Москва, улица Гиляровского, 47с1",Доставка,Услуги Груши,49,49,0,1,49
220201-005-0876,2022-02-01,доставлен,23:08:00,23:38:00,"Москва, улица Гиляровского, 47с1",Печенье Творожные ушки Братья Караваевы,Сладости,299,299,0,1,299
220201-005-0876,2022-02-01,доставлен,23:08:00,23:38:00,"Москва, улица Гиляровского, 47с1",Суп том-ям с креветками Азбука Вкуса,Готовая еда,389,389,0,1,389
220201-005-0876,2022-02-01,доставлен,23:08:00,23:38:00,"Москва, улица Гиляровского, 47с1",Доставка,Услуги Груши,99,99,0,1,99
220201-005-0876,2022-02-01,доставлен,23:08:00,23:38:00,"Москва, улица Гиляровского, 47с1",Упаковка,Услуги Груши,12,12,0,1,12
220204-171-5612,2022-02-04,доставлен,19:44:00,20:10:00,"Москва, улица Гиляровского, 47с1",Банан,Фрукты,19,19,0,2,38
220204-171-5612,2022-02-04,доставлен,19:44:00,20:10:00,"Москва, улица Гиляровского, 47с1",Шоколад тёмный Lindt Excellence с кусочками апельсина,Сладости,249,249,0,2,498
220204-171-5612,2022-02-04,доставлен,19:44:00,20:10:00,"Москва, улица Гиляровского, 47с1",Чипсы Lay's сметана и лук рифлёные,Снеки,199,199,0,1,199
220204-171-5612,2022-02-04,доставлен,19:44:00,20:10:00,"Москва, улица Гиляровского, 47с1",Печенье Choco Pie Original Orion в шоколадной глазури,Сладости,179,179,0,1,179
220204-171-5612,2022-02-04,доставлен,19:44:00,20:10:00,"Москва, улица Гиляровского, 47с1",Батончик шоколадный Cadbury Wispa,Сладости,59,59,0,1,59
220204-171-5612,2022-02-04,доставлен,19:44:00,20:10:00,"Москва, улица Гиляровского, 47с1",Доставка,Услуги Груши,0,0,0,1,0
220204-171-5612,2022-02-04,доставлен,19:44:00,20:10:00,"Москва, улица Гиляровского, 47с1",Упаковка,Услуги Груши,12,12,0,1,12
220211-954-9555,2022-02-11,доставлен,21:38:00,22:08:00,"Москва, улица Гиляровского, 47с1","Масло сливочное 82,5% Из Груши",База,189,189,0,2,378
220211-954-9555,2022-02-11,доставлен,21:38:00,22:08:00,"Москва, улица Гиляровского, 47с1",Чипсы креветочные Nongshim острые,Снеки,139,139,0,1,139
220211-954-9555,2022-02-11,доставлен,21:38:00,22:08:00,"Москва, улица Гиляровского, 47с1","Напиток овсяный Nemoloko 3,2% классический",Напитки,149,129,20,1,129
220211-954-9555,2022-02-11,доставлен,21:38:00,22:08:00,"Москва, улица Гиляровского, 47с1",Доставка,Услуги Груши,0,0,0,1,0
220211-927-4394,2022-02-11,доставлен,21:59:00,22:19:00,"Москва, улица Гиляровского, 47с1",Сосиска в тесте Cook Chart Bakery,Готовая еда,99,99,0,1,99
220211-927-4394,2022-02-11,доставлен,21:59:00,22:19:00,"Москва, улица Гиляровского, 47с1",Чипсы Lay's Из печи Нежный сыр с зеленью,Снеки,109,109,0,1,109
220211-927-4394,2022-02-11,доставлен,21:59:00,22:19:00,"Москва, улица Гиляровского, 47с1",Напиток соевый Alpro банановый,Напитки,319,319,0,1,319
220211-927-4394,2022-02-11,доставлен,21:59:00,22:19:00,"Москва, улица Гиляровского, 47с1",Кофе холодный латте Из Груши,Напитки,159,159,0,1,159
220211-927-4394,2022-02-11,доставлен,21:59:00,22:19:00,"Москва, улица Гиляровского, 47с1",Доставка,Услуги Груши,79,79,0,1,79
220214-943-8281,2022-02-14,доставлен,22:42:00,23:04:00,"Москва, улица Гиляровского, 47с1",Чипсы креветочные Nongshim острые,Снеки,139,139,0,1,139
220214-943-8281,2022-02-14,доставлен,22:42:00,23:04:00,"Москва, улица Гиляровского, 47с1",Плов с бараниной Азбука Вкуса,Готовая еда,349,349,0,1,349
220214-943-8281,2022-02-14,доставлен,22:42:00,23:04:00,"Москва, улица Гиляровского, 47с1",Доставка,Услуги Груши,119,119,0,1,119
220214-943-8281,2022-02-14,доставлен,22:42:00,23:04:00,"Москва, улица Гиляровского, 47с1",Упаковка,Услуги Груши,12,12,0,1,12
220215-608-6818,2022-02-15,доставлен,21:19:00,21:50:00,"Москва, улица Гиляровского, 47с1",Лапша рисовая с креветками и овощами Азбука life,Готовая еда,519,519,0,1,519
220215-608-6818,2022-02-15,доставлен,21:19:00,21:50:00,"Москва, улица Гиляровского, 47с1",Чипсы креветочные Nongshim острые,Снеки,139,139,0,1,139
220215-608-6818,2022-02-15,доставлен,21:19:00,21:50:00,"Москва, улица Гиляровского, 47с1",Шоколад тёмный Ritter Sport с начинкой марципан,Сладости,349,349,0,2,698
220215-608-6818,2022-02-15,доставлен,21:19:00,21:50:00,"Москва, улица Гиляровского, 47с1",Доставка,Услуги Груши,0,0,0,1,0
220215-608-6818,2022-02-15,доставлен,21:19:00,21:50:00,"Москва, улица Гиляровского, 47с1",Упаковка,Услуги Груши,12,12,0,1,12
220215-879-2113,2022-02-15,доставлен,21:44:00,21:54:00,"Москва, улица Гиляровского, 47с1",Освежитель воздуха Glade лаванда,Товары для дома,249,249,0,1,249
220215-879-2113,2022-02-15,доставлен,21:44:00,21:54:00,"Москва, улица Гиляровского, 47с1",Рулет меренговый с малиной и масляным кремом,Сладости,229,159,70,1,159
220215-879-2113,2022-02-15,доставлен,21:44:00,21:54:00,"Москва, улица Гиляровского, 47с1",Крекеры Tuc сыр,Снеки,119,119,0,1,119
220215-879-2113,2022-02-15,доставлен,21:44:00,21:54:00,"Москва, улица Гиляровского, 47с1",Доставка,Услуги Груши,0,0,0,1,0
220216-636-1734,2022-02-16,отменен,22:35:00,,"Москва, улица Гиляровского, 47с1",Попкорн Holy Corn морская соль,Снеки,179,179,0,1,179
220216-636-1734,2022-02-16,отменен,22:35:00,,"Москва, улица Гиляровского, 47с1",Крекеры Tuc сыр,Снеки,119,119,0,1,119
220216-636-1734,2022-02-16,отменен,22:35:00,,"Москва, улица Гиляровского, 47с1",Шоколад тёмный Lindt Excellence 85% cocoa,Сладости,319,259,60,1,259
220216-636-1734,2022-02-16,отменен,22:35:00,,"Москва, улица Гиляровского, 47с1",Напиток соевый Alpro банановый,Напитки,319,239,80,1,239
220216-636-1734,2022-02-16,отменен,22:35:00,,"Москва, улица Гиляровского, 47с1",Профитроли с заварным кремом Балабаев 4 шт.,Сладости,139,139,0,1,139
220216-636-1734,2022-02-16,отменен,22:35:00,,"Москва, улица Гиляровского, 47с1","Напиток соевый Alpro Banana банановый 0,9%",Напитки,249,249,0,1,249
220216-636-1734,2022-02-16,отменен,22:35:00,,"Москва, улица Гиляровского, 47с1",Доставка,Услуги Груши,0,0,0,1,0
220224-264-9053,2022-02-24,доставлен,22:00:00,22:24:00,"Москва, улица Гиляровского, 47с1",Хачапури по-аджарски Из Груши,Готовая еда,289,289,0,1,289
220224-264-9053,2022-02-24,доставлен,22:00:00,22:24:00,"Москва, улица Гиляровского, 47с1",Печенье Орешек со сгущёнкой Братья Караваевы,Сладости,399,399,0,1,399
220224-264-9053,2022-02-24,доставлен,22:00:00,22:24:00,"Москва, улица Гиляровского, 47с1",Вода минеральная Ессентуки №4 лечебно-столовая,Вода,149,149,0,1,149
220224-264-9053,2022-02-24,доставлен,22:00:00,22:24:00,"Москва, улица Гиляровского, 47с1",Доставка,Услуги Груши,99,99,0,1,99
220226-787-2850,2022-02-26,доставлен,21:45:00,22:23:00,"Москва, улица Гиляровского, 47с1",Вафельные рулетики Яшкино сгущёнка,Сладости,79,79,0,3,237
220226-787-2850,2022-02-26,доставлен,21:45:00,22:23:00,"Москва, улица Гиляровского, 47с1",Попкорн Holy Corn морская соль,Снеки,179,179,0,2,358
220226-787-2850,2022-02-26,доставлен,21:45:00,22:23:00,"Москва, улица Гиляровского, 47с1",Доставка,Услуги Груши,0,0,0,1,0
220308-816-4245,2022-03-08,доставлен,22:41:00,22:58:00,"Москва, улица Гиляровского, 47с1",Вода Святой источник негазированная,Вода,129,129,0,1,129
220308-816-4245,2022-03-08,доставлен,22:41:00,22:58:00,"Москва, улица Гиляровского, 47с1",Котлеты куриные с картофельным пюре Азбука Вкуса,Готовая еда,319,319,0,1,319
220308-816-4245,2022-03-08,доставлен,22:41:00,22:58:00,"Москва, улица Гиляровского, 47с1",Блинчики с начинкой с манго и кокосовым кремом Азбука вкуса,Готовая еда,249,249,0,1,249
220308-816-4245,2022-03-08,доставлен,22:41:00,22:58:00,"Москва, улица Гиляровского, 47с1",Чипсы креветочные Nongshim острые,Снеки,139,139,0,1,139
220308-816-4245,2022-03-08,доставлен,22:41:00,22:58:00,"Москва, улица Гиляровского, 47с1",Шоколад молочный Milka с фундуком,Сладости,139,139,0,1,139
220308-816-4245,2022-03-08,доставлен,22:41:00,22:58:00,"Москва, улица Гиляровского, 47с1",Доставка,Услуги Груши,199,199,0,1,199
220308-816-4245,2022-03-08,доставлен,22:41:00,22:58:00,"Москва, улица Гиляровского, 47с1",Упаковка,Услуги Груши,12,12,0,1,12
220310-454-2933,2022-03-10,доставлен,22:52:00,23:13:00,"Москва, улица Гиляровского, 47с1",Паста Карбонара Азбука Вкуса,Готовая еда,439,439,0,1,439
220310-454-2933,2022-03-10,доставлен,22:52:00,23:13:00,"Москва, улица Гиляровского, 47с1",Чипсы Pringles сметана-лук,Снеки,299,299,0,1,299
220310-454-2933,2022-03-10,доставлен,22:52:00,23:13:00,"Москва, улица Гиляровского, 47с1",Салат Оливье Азбука Вкуса,Готовая еда,249,249,0,1,249
220310-454-2933,2022-03-10,доставлен,22:52:00,23:13:00,"Москва, улица Гиляровского, 47с1",Доставка,Услуги Груши,49,49,0,1,49
220310-454-2933,2022-03-10,доставлен,22:52:00,23:13:00,"Москва, улица Гиляровского, 47с1",Упаковка,Услуги Груши,12,12,0,1,12
220311-570-8339,2022-03-11,доставлен,19:38:00,19:54:00,"Москва, улица Гиляровского, 47с1",Напиток соевый Alpro банановый,Напитки,319,319,0,1,319
220311-570-8339,2022-03-11,доставлен,19:38:00,19:54:00,"Москва, улица Гиляровского, 47с1","Шоколад молочный Ritter Sport с ромом, изюмом и орехом",Сладости,159,129,30,1,129
220311-570-8339,2022-03-11,доставлен,19:38:00,19:54:00,"Москва, улица Гиляровского, 47с1",Чипсы креветочные Nongshim острые,Снеки,139,109,30,1,109
220311-570-8339,2022-03-11,доставлен,19:38:00,19:54:00,"Москва, улица Гиляровского, 47с1",Доставка,Услуги Груши,0,0,0,1,0
220312-978-6419,2022-03-12,отменен,19:58:00,,"Москва, улица Гиляровского, 47с1",Вафли гречишные Nature’s own factory с молочным шоколадом,Сладости,79,79,0,3,237
220312-978-6419,2022-03-12,отменен,19:58:00,,"Москва, улица Гиляровского, 47с1",Батончики шоколадные Twix Minis,Сладости,209,209,0,1,209
220312-978-6419,2022-03-12,отменен,19:58:00,,"Москва, улица Гиляровского, 47с1",Пакеты для мусора 30 л Paclan,Товары для дома,159,159,0,1,159
220312-978-6419,2022-03-12,отменен,19:58:00,,"Москва, улица Гиляровского, 47с1",Доставка,Услуги Груши,79,79,0,1,79
220321-848-3474,2022-03-21,доставлен,22:13:00,22:37:00,"Москва, улица Гиляровского, 47с1","Масло сливочное 82,5% Из Груши",База,189,189,0,2,378
220321-848-3474,2022-03-21,доставлен,22:13:00,22:37:00,"Москва, улица Гиляровского, 47с1",Доставка,Услуги Груши,0,0,0,1,0
220322-652-6833,2022-03-22,доставлен,20:16:00,20:40:00,"Москва, улица Гиляровского, 47с1",Пельмени с фермерской индейкой Из Груши,Готовая еда,399,399,0,1,399
220322-652-6833,2022-03-22,доставлен,20:16:00,20:40:00,"Москва, улица Гиляровского, 47с1",Лапша рисовая с креветками и овощами Азбука life,Готовая еда,519,519,0,2,1038
220322-652-6833,2022-03-22,доставлен,20:16:00,20:40:00,"Москва, улица Гиляровского, 47с1",Манго Артфрут,Фрукты,169,169,0,2,338
220322-652-6833,2022-03-22,доставлен,20:16:00,20:40:00,"Москва, улица Гиляровского, 47с1",Торт Медовик Из Груши,Сладости,639,639,0,1,639
220322-652-6833,2022-03-22,доставлен,20:16:00,20:40:00,"Москва, улица Гиляровского, 47с1",Доставка,Услуги Груши,49,49,0,1,49
220322-652-6833,2022-03-22,доставлен,20:16:00,20:40:00,"Москва, улица Гиляровского, 47с1",Упаковка,Услуги Груши,12,12,0,1,12
220324-336-4417,2022-03-24,доставлен,22:44:00,22:57:00,"Москва, улица Гиляровского, 47с1",Напиток газированный Кола Добрый,Напитки,99,99,0,1,99
220324-336-4417,2022-03-24,доставлен,22:44:00,22:57:00,"Москва, улица Гиляровского, 47с1",Чипсы Lay's Из Печи Сметана и ароматные травы,Снеки,99,99,0,1,99
220324-336-4417,2022-03-24,доставлен,22:44:00,22:57:00,"Москва, улица Гиляровского, 47с1",Доставка,Услуги Груши,99,99,0,1,99
220324-336-4417,2022-03-24,доставлен,22:44:00,22:57:00,"Москва, улица Гиляровского, 47с1",Упаковка,Услуги Груши,12,12,0,1,12
220328-329-5230,2022-03-28,отменен,21:45:00,,"Москва, улица Гиляровского, 47с1",Салат с крабовыми палочками большая порция Из Груши,Готовая еда,289,289,0,1,289
220328-329-5230,2022-03-28,отменен,21:45:00,,"Москва, улица Гиляровского, 47с1",Доставка,Услуги Груши,99,99,0,1,99
220328-329-5230,2022-03-28,отменен,21:45:00,,"Москва, улица Гиляровского, 47с1",Упаковка,Услуги Груши,12,12,0,1,12
220402-608-4250,2022-04-02,доставлен,22:38:00,22:57:00,"Москва, улица Гиляровского, 47с1",Улитка с изюмом и заварным кремом Из Груши,Сладости,129,129,0,1,129
220402-608-4250,2022-04-02,доставлен,22:38:00,22:57:00,"Москва, улица Гиляровского, 47с1",Салат Крабовый Азбука вкуса,Готовая еда,159,159,0,1,159
220402-608-4250,2022-04-02,доставлен,22:38:00,22:57:00,"Москва, улица Гиляровского, 47с1",Сухарики Три корочки бекон,Снеки,59,59,0,1,59
220402-608-4250,2022-04-02,доставлен,22:38:00,22:57:00,"Москва, улица Гиляровского, 47с1",Доставка,Услуги Груши,79,79,0,1,79
220402-608-4250,2022-04-02,доставлен,22:38:00,22:57:00,"Москва, улица Гиляровского, 47с1",Упаковка,Услуги Груши,12,12,0,1,12
220406-173-2246,2022-04-06,доставлен,22:01:00,22:07:00,"Москва, улица Гиляровского, 47с1","Напиток овсяный Nemoloko 3,2% классический",Напитки,149,149,0,3,447
220406-173-2246,2022-04-06,доставлен,22:01:00,22:07:00,"Москва, улица Гиляровского, 47с1",Доставка,Услуги Груши,0,0,0,1,0
220408-225-1190,2022-04-08,доставлен,22:31:00,22:37:00,"Москва, улица Гиляровского, 47с1","Напиток овсяный Nemoloko 3,2% классический",Напитки,149,149,0,1,149
220408-225-1190,2022-04-08,доставлен,22:31:00,22:37:00,"Москва, улица Гиляровского, 47с1",Чипсы Lay's Из печи Нежный сыр с зеленью,Снеки,109,109,0,2,218
220408-225-1190,2022-04-08,доставлен,22:31:00,22:37:00,"Москва, улица Гиляровского, 47с1",Спрей для горла Гексорал,Аптека,449,449,0,1,449
220408-225-1190,2022-04-08,доставлен,22:31:00,22:37:00,"Москва, улица Гиляровского, 47с1",Доставка,Услуги Груши,0,0,0,1,0
220411-748-7878,2022-04-11,доставлен,21:14:00,21:23:00,"Москва, улица Гиляровского, 47с1",Вода Святой источник негазированная,Вода,129,129,0,1,129
220411-748-7878,2022-04-11,доставлен,21:14:00,21:23:00,"Москва, улица Гиляровского, 47с1",Суп с куриными фрикадельками и пастой Алфавит Азбука вкуса,Готовая еда,129,129,0,1,129
220411-748-7878,2022-04-11,доставлен,21:14:00,21:23:00,"Москва, улица Гиляровского, 47с1",Голубика,Фрукты,199,199,0,1,199
220411-748-7878,2022-04-11,доставлен,21:14:00,21:23:00,"Москва, улица Гиляровского, 47с1",Бризоль куриная Азбука вкуса,Готовая еда,249,249,0,2,498
220411-748-7878,2022-04-11,доставлен,21:14:00,21:23:00,"Москва, улица Гиляровского, 47с1",Доставка,Услуги Груши,0,0,0,1,0
220415-266-8009,2022-04-15,доставлен,23:16:00,23:32:00,"Москва, улица Гиляровского, 47с1",Шоколад белый пористый Воздушный,Сладости,139,139,0,1,139
220415-266-8009,2022-04-15,доставлен,23:16:00,23:32:00,"Москва, улица Гиляровского, 47с1",Доставка,Услуги Груши,49,49,0,1,49
220415-266-8009,2022-04-15,доставлен,23:16:00,23:32:00,"Москва, улица Гиляровского, 47с1",Упаковка,Услуги Груши,12,12,0,1,12
220416-884-5194,2022-04-16,доставлен,20:33:00,20:53:00,"Москва, улица Гиляровского, 47с1",Филе куриное запечённое с помидорами и сыром Азбука Вкуса,Готовая еда,289,289,0,1,289
220416-884-5194,2022-04-16,доставлен,20:33:00,20:53:00,"Москва, улица Гиляровского, 47с1",Блинчики с сёмгой и творожным сыром Азбука вкуса,Готовая еда,319,319,0,1,319
220416-884-5194,2022-04-16,доставлен,20:33:00,20:53:00,"Москва, улица Гиляровского, 47с1",Чипсы креветочные Nongshim острые,Снеки,139,139,0,1,139
220416-884-5194,2022-04-16,доставлен,20:33:00,20:53:00,"Москва, улица Гиляровского, 47с1",Доставка,Услуги Груши,0,0,0,1,0
220416-884-5194,2022-04-16,доставлен,20:33:00,20:53:00,"Москва, улица Гиляровского, 47с1",Упаковка,Услуги Груши,12,12,0,1,12
220418-853-4357,2022-04-18,доставлен,22:39:00,22:48:00,"Москва, улица Гиляровского, 47с1",Пирог с сыром и шпинатом Рамонти Пайз,Готовая еда,179,179,0,1,179
220418-853-4357,2022-04-18,доставлен,22:39:00,22:48:00,"Москва, улица Гиляровского, 47с1",Сок апельсиновый Из Груши прямой отжим,Напитки,359,359,0,1,359
220418-853-4357,2022-04-18,доставлен,22:39:00,22:48:00,"Москва, улица Гиляровского, 47с1",Попкорн Holy Corn морская соль,Снеки,179,179,0,1,179
220418-853-4357,2022-04-18,доставлен,22:39:00,22:48:00,"Москва, улица Гиляровского, 47с1",Вода Из Груши газированная питьевая,Вода,59,49,10,1,49
220418-853-4357,2022-04-18,доставлен,22:39:00,22:48:00,"Москва, улица Гиляровского, 47с1",Доставка,Услуги Груши,79,79,0,1,79
220422-232-4195,2022-04-22,доставлен,20:22:00,20:34:00,"Москва, улица Гиляровского, 47с1","Масло сливочное 82,5% Из Груши",База,189,189,0,2,378
220422-232-4195,2022-04-22,доставлен,20:22:00,20:34:00,"Москва, улица Гиляровского, 47с1",Батончики KitKat с хрустящей вафлей в молочном шоколаде,Сладости,239,239,0,1,239
220422-232-4195,2022-04-22,доставлен,20:22:00,20:34:00,"Москва, улица Гиляровского, 47с1",Морс клюквенный Из Груши,Напитки,189,189,0,1,189
220422-232-4195,2022-04-22,доставлен,20:22:00,20:34:00,"Москва, улица Гиляровского, 47с1",Доставка,Услуги Груши,79,79,0,1,79
220501-107-7077,2022-05-01,доставлен,22:41:00,22:55:00,"Москва, улица Гиляровского, 47с1",Яблоки Хонейкрисп (Медовый хруст),Фрукты,819,819,0,1,819
220501-107-7077,2022-05-01,доставлен,22:41:00,22:55:00,"Москва, улица Гиляровского, 47с1",Суп с куриными фрикадельками и пастой Алфавит Азбука вкуса,Готовая еда,129,129,0,2,258
220501-107-7077,2022-05-01,доставлен,22:41:00,22:55:00,"Москва, улица Гиляровского, 47с1",Блинчики с курицей и грибами Азбука Вкуса,Готовая еда,229,229,0,1,229
220501-107-7077,2022-05-01,доставлен,22:41:00,22:55:00,"Москва, улица Гиляровского, 47с1",Доставка,Услуги Груши,119,119,0,1,119
220502-226-9697,2022-05-02,доставлен,22:47:00,23:07:00,"Москва, улица Гиляровского, 47с1",Попкорн Holy Corn нежный сыр,Снеки,89,79,10,1,79
220502-226-9697,2022-05-02,доставлен,22:47:00,23:07:00,"Москва, улица Гиляровского, 47с1",Доставка,Услуги Груши,119,119,0,1,119
220502-226-9697,2022-05-02,доставлен,22:47:00,23:07:00,"Москва, улица Гиляровского, 47с1",Упаковка,Услуги Груши,12,12,0,1,12
220514-795-3094,2022-05-14,доставлен,20:32:00,20:50:00,"Москва, улица Гиляровского, 47с1",Вода Святой источник негазированная,Вода,129,129,0,1,129
220514-795-3094,2022-05-14,доставлен,20:32:00,20:50:00,"Москва, улица Гиляровского, 47с1",Доставка,Услуги Груши,79,79,0,1,79
220517-343-0987,2022-05-17,доставлен,22:06:00,22:21:00,"Москва, улица Гиляровского, 47с1",Батончик Snickers лесной орех,Сладости,79,79,0,2,158
220517-343-0987,2022-05-17,доставлен,22:06:00,22:21:00,"Москва, улица Гиляровского, 47с1",Поке с креветкой том ям Soul in the Bowl,Готовая еда,469,469,0,1,469
220517-343-0987,2022-05-17,доставлен,22:06:00,22:21:00,"Москва, улица Гиляровского, 47с1",Попкорн Holy Corn морская соль,Снеки,179,179,0,1,179
220517-343-0987,2022-05-17,доставлен,22:06:00,22:21:00,"Москва, улица Гиляровского, 47с1",Доставка,Услуги Груши,0,0,0,1,0
220517-343-0987,2022-05-17,доставлен,22:06:00,22:21:00,"Москва, улица Гиляровского, 47с1",Упаковка,Услуги Груши,12,12,0,1,12
220521-725-7888,2022-05-21,доставлен,22:38:00,22:44:00,"Москва, улица Гиляровского, 47с1",Чипсы креветочные Nongshim острые,Снеки,139,139,0,1,139
220521-725-7888,2022-05-21,доставлен,22:38:00,22:44:00,"Москва, улица Гиляровского, 47с1",Сок грейпфрутовый Из Груши прямого отжима,Напитки,429,429,0,1,429
220521-725-7888,2022-05-21,доставлен,22:38:00,22:44:00,"Москва, улица Гиляровского, 47с1",Шницель из курицы со спагетти и кетчупом Из Груши,Готовая еда,259,259,0,1,259
220521-725-7888,2022-05-21,доставлен,22:38:00,22:44:00,"Москва, улица Гиляровского, 47с1",Попкорн из креветок Нияма,Готовая еда,379,379,0,1,379
220521-725-7888,2022-05-21,доставлен,22:38:00,22:44:00,"Москва, улица Гиляровского, 47с1",Доставка,Услуги Груши,79,79,0,1,79
220605-376-8578,2022-06-05,доставлен,20:57:00,21:10:00,"Москва, улица Гиляровского, 47с1","Масло сливочное 82,5% Из Груши",База,189,189,0,1,189
220605-376-8578,2022-06-05,доставлен,20:57:00,21:10:00,"Москва, улица Гиляровского, 47с1",Шаурма с курицей Из Груши,Готовая еда,359,309,50,1,309
220605-376-8578,2022-06-05,доставлен,20:57:00,21:10:00,"Москва, улица Гиляровского, 47с1",Вода минеральная Нарзан газированная,Вода,159,159,0,4,636
220605-376-8578,2022-06-05,доставлен,20:57:00,21:10:00,"Москва, улица Гиляровского, 47с1",Доставка,Услуги Груши,49,49,0,1,49
220605-376-8578,2022-06-05,доставлен,20:57:00,21:10:00,"Москва, улица Гиляровского, 47с1",Упаковка,Услуги Груши,12,12,0,1,12
220612-051-1713,2022-06-12,доставлен,21:47:00,22:02:00,"Москва, улица Гиляровского, 47с1",Напиток газированный Кола Добрый,Напитки,99,99,0,1,99
220612-051-1713,2022-06-12,доставлен,21:47:00,22:02:00,"Москва, улица Гиляровского, 47с1","Напиток овсяный Nemoloko 3,2% классический",Напитки,149,149,0,1,149
220612-051-1713,2022-06-12,доставлен,21:47:00,22:02:00,"Москва, улица Гиляровского, 47с1",Доставка,Услуги Груши,0,0,0,1,0
220612-051-1713,2022-06-12,доставлен,21:47:00,22:02:00,"Москва, улица Гиляровского, 47с1",Упаковка,Услуги Груши,12,12,0,1,12
220614-649-7195,2022-06-14,доставлен,23:05:00,23:42:00,"Москва, улица Гиляровского, 47с1","Protein pot с яйцом, сыром фета и помидорами черри Азбука life",Готовая еда,219,219,0,1,219
220614-649-7195,2022-06-14,доставлен,23:05:00,23:42:00,"Москва, улица Гиляровского, 47с1",Доставка,Услуги Груши,49,49,0,1,49
220621-075-0595,2022-06-21,доставлен,21:04:00,21:38:00,"Москва, улица Гиляровского, 47с1",Вода Святой источник негазированная,Вода,129,129,0,1,129
220621-075-0595,2022-06-21,доставлен,21:04:00,21:38:00,"Москва, улица Гиляровского, 47с1",Мармелад жевательный Из Груши червяки,Сладости,169,169,0,1,169
220621-075-0595,2022-06-21,доставлен,21:04:00,21:38:00,"Москва, улица Гиляровского, 47с1",Доставка,Услуги Груши,49,49,0,1,49
220623-173-3842,2022-06-23,доставлен,23:54:00,00:16:00,"Москва, улица Гиляровского, 47с1",Чипсы Pringles Paprika с паприкой,Снеки,159,159,0,1,159
220623-173-3842,2022-06-23,доставлен,23:54:00,00:16:00,"Москва, улица Гиляровского, 47с1",Шоколад тёмный Ritter Sport с начинкой марципан,Сладости,349,349,0,1,349
220623-173-3842,2022-06-23,доставлен,23:54:00,00:16:00,"Москва, улица Гиляровского, 47с1",Пицца Маргарита Из Груши,Готовая еда,399,399,0,1,399
220623-173-3842,2022-06-23,доставлен,23:54:00,00:16:00,"Москва, улица Гиляровского, 47с1",Мороженое молочное Bounty,Сладости,599,599,0,1,599
220623-173-3842,2022-06-23,доставлен,23:54:00,00:16:00,"Москва, улица Гиляровского, 47с1",Доставка,Услуги Груши,79,79,0,1,79
220623-173-3842,2022-06-23,доставлен,23:54:00,00:16:00,"Москва, улица Гиляровского, 47с1",Упаковка,Услуги Груши,12,12,0,1,12
220628-076-4053,2022-06-28,доставлен,23:36:00,23:59:00,"Москва, улица Гиляровского, 47с1",Батарейки Energizer MAX AA,Товары для дома,219,219,0,1,219
220628-076-4053,2022-06-28,доставлен,23:36:00,23:59:00,"Москва, улица Гиляровского, 47с1",Эвалар Витамин С таблетки шипучие 1000 мг 20 шт,Аптека,709,709,0,1,709
220628-076-4053,2022-06-28,доставлен,23:36:00,23:59:00,"Москва, улица Гиляровского, 47с1",Голубика Артфрут,Фрукты,509,509,0,1,509
220628-076-4053,2022-06-28,доставлен,23:36:00,23:59:00,"Москва, улица Гиляровского, 47с1",Лимонад Из Груши с соком манго и маракуйи,Напитки,129,129,0,1,129
220628-076-4053,2022-06-28,доставлен,23:36:00,23:59:00,"Москва, улица Гиляровского, 47с1",Доставка,Услуги Груши,49,49,0,1,49
220628-076-4053,2022-06-28,доставлен,23:36:00,23:59:00,"Москва, улица Гиляровского, 47с1",Упаковка,Услуги Груши,12,12,0,1,12
220709-428-9931,2022-07-09,доставлен,22:59:00,23:40:00,"Москва, улица Гиляровского, 47с1","Масло сливочное 82,5% Из Груши",База,189,189,0,2,378
220709-428-9931,2022-07-09,доставлен,22:59:00,23:40:00,"Москва, улица Гиляровского, 47с1",Батончик шоколадный Из Груши с вафлей,Сладости,99,69,30,1,69
220709-428-9931,2022-07-09,доставлен,22:59:00,23:40:00,"Москва, улица Гиляровского, 47с1",Батончик арахисовый Kick в карамельном шоколаде,Сладости,279,279,0,1,279
220709-428-9931,2022-07-09,доставлен,22:59:00,23:40:00,"Москва, улица Гиляровского, 47с1",Шоколад тёмный Lindt Excellence с кусочками апельсина,Сладости,249,249,0,2,498
220709-428-9931,2022-07-09,доставлен,22:59:00,23:40:00,"Москва, улица Гиляровского, 47с1",Доставка,Услуги Груши,119,119,0,1,119
220717-378-1845,2022-07-17,доставлен,22:02:00,22:09:00,"Москва, улица Гиляровского, 47с1",Попкорн Holy Corn нежный сыр,Снеки,89,89,0,1,89
220717-378-1845,2022-07-17,доставлен,22:02:00,22:09:00,"Москва, улица Гиляровского, 47с1",Шоколад Kinder Chocolate с молочной начинкой,Сладости,49,49,0,1,49
220717-378-1845,2022-07-17,доставлен,22:02:00,22:09:00,"Москва, улица Гиляровского, 47с1",Чипсы Pringles паприка,Снеки,299,299,0,1,299
220717-378-1845,2022-07-17,доставлен,22:02:00,22:09:00,"Москва, улица Гиляровского, 47с1",Доставка,Услуги Груши,79,79,0,1,79
220721-841-4107,2022-07-21,доставлен,23:13:00,23:45:00,"Москва, улица Гиляровского, 47с1",Суп с куриными фрикадельками и пастой Алфавит Азбука вкуса,Готовая еда,129,109,20,1,109
220721-841-4107,2022-07-21,доставлен,23:13:00,23:45:00,"Москва, улица Гиляровского, 47с1",Яйцо куриное СО Из Груши,База,129,129,0,1,129
220721-841-4107,2022-07-21,доставлен,23:13:00,23:45:00,"Москва, улица Гиляровского, 47с1",Сок апельсиновый Из Груши прямой отжим,Напитки,359,359,0,1,359
220721-841-4107,2022-07-21,доставлен,23:13:00,23:45:00,"Москва, улица Гиляровского, 47с1",Доставка,Услуги Груши,49,49,0,1,49
220722-367-8664,2022-07-22,доставлен,23:09:00,23:23:00,"Москва, улица Гиляровского, 47с1",Шоколад молочный пористый Milka Bubbles,Сладости,179,179,0,1,179
220722-367-8664,2022-07-22,доставлен,23:09:00,23:23:00,"Москва, улица Гиляровского, 47с1",Губки для посуды Master Fresh,Товары для дома,79,79,0,1,79
220722-367-8664,2022-07-22,доставлен,23:09:00,23:23:00,"Москва, улица Гиляровского, 47с1",Напиток соевый Alpro банановый,Напитки,319,319,0,1,319
220722-367-8664,2022-07-22,доставлен,23:09:00,23:23:00,"Москва, улица Гиляровского, 47с1",Доставка,Услуги Груши,49,49,0,1,49
220830-569-6387,2022-08-30,доставлен,23:53:00,00:03:00,"Москва, улица Гиляровского, 47с1","Масло сливочное 82,5% Из Груши",База,189,189,0,2,378
220830-569-6387,2022-08-30,доставлен,23:53:00,00:03:00,"Москва, улица Гиляровского, 47с1",Доставка,Услуги Груши,79,79,0,1,79
220903-283-3437,2022-09-03,доставлен,20:21:00,20:40:00,"Москва, улица Гиляровского, 47с1",Вода Святой источник негазированная,Вода,129,129,0,1,129
220903-283-3437,2022-09-03,доставлен,20:21:00,20:40:00,"Москва, улица Гиляровского, 47с1",Батончик арахисовый Kick в карамельном шоколаде,Сладости,279,279,0,1,279
220903-283-3437,2022-09-03,доставлен,20:21:00,20:40:00,"Москва, улица Гиляровского, 47с1",Доставка,Услуги Груши,0,0,0,1,0
220903-283-3437,2022-09-03,доставлен,20:21:00,20:40:00,"Москва, улица Гиляровского, 47с1",Упаковка,Услуги Груши,12,12,0,1,12
220912-031-5111,2022-09-12,доставлен,19:41:00,20:00:00,"Москва, улица Гиляровского, 47с1",Батончик шоколадный Twix,Сладости,59,39,20,1,39
220912-031-5111,2022-09-12,доставлен,19:41:00,20:00:00,"Москва, улица Гиляровского, 47с1",Сок Сады Придонья яблоко-виноград с 6 месяцев без добавления сахара,Напитки,29,29,0,1,29
220912-031-5111,2022-09-12,доставлен,19:41:00,20:00:00,"Москва, улица Гиляровского, 47с1",Сухарики Три корочки бекон,Снеки,59,59,0,1,59
220912-031-5111,2022-09-12,доставлен,19:41:00,20:00:00,"Москва, улица Гиляровского, 47с1",Чай холодный Из Груши с лимоном,Напитки,129,129,0,1,129
220912-031-5111,2022-09-12,доставлен,19:41:00,20:00:00,"Москва, улица Гиляровского, 47с1",Сэндвич Бао с креветкой Нияма,Готовая еда,369,309,60,2,618
220912-031-5111,2022-09-12,доставлен,19:41:00,20:00:00,"Москва, улица Гиляровского, 47с1",Суп-пюре сырный с креветками Азбука вкуса,Готовая еда,299,299,0,1,299
220912-031-5111,2022-09-12,доставлен,19:41:00,20:00:00,"Москва, улица Гиляровского, 47с1",Доставка,Услуги Груши,0,0,0,1,0
220912-031-5111,2022-09-12,доставлен,19:41:00,20:00:00,"Москва, улица Гиляровского, 47с1",Упаковка,Услуги Груши,12,12,0,1,12
220912-414-8641,2022-09-12,доставлен,23:58:00,00:14:00,"Москва, улица Гиляровского, 47с1",Омлет Классический со шпинатным соусом Из Груши,Готовая еда,179,179,0,1,179
220912-414-8641,2022-09-12,доставлен,23:58:00,00:14:00,"Москва, улица Гиляровского, 47с1",Конфеты Птица дивная Акконд,Сладости,219,219,0,1,219
220912-414-8641,2022-09-12,доставлен,23:58:00,00:14:00,"Москва, улица Гиляровского, 47с1",Мороженое Чёрный лес Monterra с вишней,Сладости,699,699,0,1,699
220912-414-8641,2022-09-12,доставлен,23:58:00,00:14:00,"Москва, улица Гиляровского, 47с1",Доставка,Услуги Груши,0,0,0,1,0
220913-245-3896,2022-09-13,доставлен,22:47:00,23:04:00,"Москва, улица Гиляровского, 47с1",Пирог с картофелем и сыром Рамонти Пайз,Готовая еда,159,129,30,1,129
220913-245-3896,2022-09-13,доставлен,22:47:00,23:04:00,"Москва, улица Гиляровского, 47с1",Сэндвич с жареными шампиньонами и сыром Чеддер Mates,Готовая еда,319,249,70,1,249
220913-245-3896,2022-09-13,доставлен,22:47:00,23:04:00,"Москва, улица Гиляровского, 47с1",Попкорн Holy Corn морская соль,Снеки,179,179,0,1,179
220913-245-3896,2022-09-13,доставлен,22:47:00,23:04:00,"Москва, улица Гиляровского, 47с1","Лейкопластырь водоотталкивающий Dr.Safe универсальный бактерицидный 1,9х7,2 см",Товары для дома,109,109,0,1,109
220913-245-3896,2022-09-13,доставлен,22:47:00,23:04:00,"Москва, улица Гиляровского, 47с1",Доставка,Услуги Груши,149,149,0,1,149
220917-270-0696,2022-09-17,доставлен,21:59:00,22:19:00,"Москва, улица Гиляровского, 47с1",Лимонад Из Груши с соком груши и яблока,Напитки,139,139,0,1,139
220917-270-0696,2022-09-17,доставлен,21:59:00,22:19:00,"Москва, улица Гиляровского, 47с1",Чипсы Lay's Из печи Нежный сыр с зеленью,Снеки,109,109,0,1,109
220917-270-0696,2022-09-17,доставлен,21:59:00,22:19:00,"Москва, улица Гиляровского, 47с1","Напиток овсяный Nemoloko 3,2% классический",Напитки,149,149,0,1,149
220917-270-0696,2022-09-17,доставлен,21:59:00,22:19:00,"Москва, улица Гиляровского, 47с1",Фунчоза с овощами по-корейски Азбука Вкуса,Готовая еда,129,129,0,1,129
220917-270-0696,2022-09-17,доставлен,21:59:00,22:19:00,"Москва, улица Гиляровского, 47с1",Доставка,Услуги Груши,99,99,0,1,99
220917-270-0696,2022-09-17,доставлен,21:59:00,22:19:00,"Москва, улица Гиляровского, 47с1",Упаковка,Услуги Груши,12,12,0,1,12
220922-660-8915,2022-09-22,доставлен,22:41:00,23:03:00,"Москва, улица Гиляровского, 47с1",Мороженое сливочное Snickers,Сладости,489,489,0,1,489
220922-660-8915,2022-09-22,доставлен,22:41:00,23:03:00,"Москва, улица Гиляровского, 47с1",Доставка,Услуги Груши,49,49,0,1,49
220924-442-0740,2022-09-24,доставлен,23:05:00,23:31:00,"Москва, улица Гиляровского, 47с1",Шарики сырные с моцареллой Азбука Вкуса,Готовая еда,199,199,0,1,199
220924-442-0740,2022-09-24,доставлен,23:05:00,23:31:00,"Москва, улица Гиляровского, 47с1",Батончик Бабаевский с помадно-сливочной начинкой,Сладости,39,39,0,1,39
220924-442-0740,2022-09-24,доставлен,23:05:00,23:31:00,"Москва, улица Гиляровского, 47с1",Шоколад тёмный Ritter Sport с начинкой марципан,Сладости,349,349,0,1,349
220924-442-0740,2022-09-24,доставлен,23:05:00,23:31:00,"Москва, улица Гиляровского, 47с1","Напиток функциональный Actimuno клубника 1,5%",Напитки,49,39,10,1,39
220924-442-0740,2022-09-24,доставлен,23:05:00,23:31:00,"Москва, улица Гиляровского, 47с1",Доставка,Услуги Груши,79,79,0,1,79
220925-721-2946,2022-09-25,доставлен,22:29:00,22:41:00,"Москва, улица Гиляровского, 47с1",Плов с бараниной Азбука Вкуса,Готовая еда,349,349,0,1,349
220925-721-2946,2022-09-25,доставлен,22:29:00,22:41:00,"Москва, улица Гиляровского, 47с1",Чипсы Lay's с солью,Снеки,49,49,0,1,49
220925-721-2946,2022-09-25,доставлен,22:29:00,22:41:00,"Москва, улица Гиляровского, 47с1",Батончик шоколадный Snickers Super,Сладости,79,79,0,1,79
220925-721-2946,2022-09-25,доставлен,22:29:00,22:41:00,"Москва, улица Гиляровского, 47с1",Шаурма с курицей Из Груши,Готовая еда,359,279,80,1,279
220925-721-2946,2022-09-25,доставлен,22:29:00,22:41:00,"Москва, улица Гиляровского, 47с1",Доставка,Услуги Груши,119,119,0,1,119
220925-509-2431,2022-09-25,доставлен,22:54:00,23:11:00,"Москва, улица Гиляровского, 47с1",Попкорн для СВЧ Из Груши с сыром,Снеки,59,59,0,1,59
220925-509-2431,2022-09-25,доставлен,22:54:00,23:11:00,"Москва, улица Гиляровского, 47с1",Сыр Пармезан Из Груши тёртый 40%,База,389,389,0,1,389
220925-509-2431,2022-09-25,доставлен,22:54:00,23:11:00,"Москва, улица Гиляровского, 47с1",Доставка,Услуги Груши,0,0,0,1,0
220925-509-2431,2022-09-25,доставлен,22:54:00,23:11:00,"Москва, улица Гиляровского, 47с1",Упаковка,Услуги Груши,12,12,0,1,12
221007-130-0250,2022-10-07,доставлен,18:57:00,19:13:00,"Москва, улица Гиляровского, 47с1","Масло сливочное 82,5% Из Груши",База,189,189,0,1,189
221007-130-0250,2022-10-07,доставлен,18:57:00,19:13:00,"Москва, улица Гиляровского, 47с1",Вода Святой источник негазированная,Вода,129,129,0,1,129
221007-130-0250,2022-10-07,доставлен,18:57:00,19:13:00,"Москва, улица Гиляровского, 47с1",Микстура от кашля для взрослых порошок 1.7 г 1 шт,Аптека,19,19,0,1,19
221007-130-0250,2022-10-07,доставлен,18:57:00,19:13:00,"Москва, улица Гиляровского, 47с1",Пластырь бактерицидный Cosmos 20 шт,Аптека,199,199,0,1,199
221007-130-0250,2022-10-07,доставлен,18:57:00,19:13:00,"Москва, улица Гиляровского, 47с1",Сок апельсиновый Из Груши прямой отжим,Напитки,359,359,0,1,359
221007-130-0250,2022-10-07,доставлен,18:57:00,19:13:00,"Москва, улица Гиляровского, 47с1",Доставка,Услуги Груши,0,0,0,1,0
221007-678-2497,2022-10-07,доставлен,20:57:00,21:34:00,"Москва, улица Гиляровского, 47с1",Свёкла с майонезом и чесноком Азбука вкуса,Готовая еда,209,209,0,1,209
221007-678-2497,2022-10-07,доставлен,20:57:00,21:34:00,"Москва, улица Гиляровского, 47с1",Сок апельсиновый Из Груши прямой отжим,Напитки,359,359,0,3,1077
221007-678-2497,2022-10-07,доставлен,20:57:00,21:34:00,"Москва, улица Гиляровского, 47с1",Шоколад молочный Alpen Gold с фундуком,Сладости,129,129,0,1,129
221007-678-2497,2022-10-07,доставлен,20:57:00,21:34:00,"Москва, улица Гиляровского, 47с1",Доставка,Услуги Груши,49,49,0,1,49
221008-971-9392,2022-10-08,доставлен,22:19:00,22:36:00,"Москва, улица Гиляровского, 47с1",Вода минеральная лечебно-столовая Borjomi газированная,Вода,149,149,0,1,149
221008-971-9392,2022-10-08,доставлен,22:19:00,22:36:00,"Москва, улица Гиляровского, 47с1",Зиртек таблетки 10 мг 30 шт,Аптека,389,389,0,1,389
221008-971-9392,2022-10-08,доставлен,22:19:00,22:36:00,"Москва, улица Гиляровского, 47с1",Батончик KitKat с хрустящей вафлей,Сладости,99,99,0,1,99
221008-971-9392,2022-10-08,доставлен,22:19:00,22:36:00,"Москва, улица Гиляровского, 47с1",Доставка,Услуги Груши,0,0,0,1,0
221008-971-9392,2022-10-08,доставлен,22:19:00,22:36:00,"Москва, улица Гиляровского, 47с1",Упаковка,Услуги Груши,12,12,0,1,12
221008-747-7510,2022-10-08,доставлен,22:57:00,23:17:00,"Москва, улица Гиляровского, 47с1",Напиток соевый Alpro банановый,Напитки,319,319,0,1,319
221008-747-7510,2022-10-08,доставлен,22:57:00,23:17:00,"Москва, улица Гиляровского, 47с1",Миндаль жареный солёный Из Груши,Снеки,399,399,0,1,399
221008-747-7510,2022-10-08,доставлен,22:57:00,23:17:00,"Москва, улица Гиляровского, 47с1",Круассан миндальный Булка,Сладости,209,159,50,1,159
221008-747-7510,2022-10-08,доставлен,22:57:00,23:17:00,"Москва, улица Гиляровского, 47с1",Доставка,Услуги Груши,0,0,0,1,0
221009-373-0654,2022-10-09,доставлен,22:54:00,23:18:00,"Москва, улица Гиляровского, 47с1",Вода минеральная лечебно-столовая Borjomi газированная,Вода,149,149,0,1,149
221009-373-0654,2022-10-09,доставлен,22:54:00,23:18:00,"Москва, улица Гиляровского, 47с1",Доставка,Услуги Груши,99,99,0,1,99
221013-101-2342,2022-10-13,доставлен,22:43:00,23:08:00,"Москва, улица Гиляровского, 47с1",Апельсины сладкие,Фрукты,299,299,0,1,299
221013-101-2342,2022-10-13,доставлен,22:43:00,23:08:00,"Москва, улица Гиляровского, 47с1",Мармелад жевательный Haribo Goldbaren,Сладости,149,149,0,1,149
221013-101-2342,2022-10-13,доставлен,22:43:00,23:08:00,"Москва, улица Гиляровского, 47с1",Хлебцы гречневые Dr. Korner,Снеки,89,89,0,1,89
221013-101-2342,2022-10-13,доставлен,22:43:00,23:08:00,"Москва, улица Гиляровского, 47с1",Орехи кешью жареные Из Груши,Снеки,349,249,100,1,249
221013-101-2342,2022-10-13,доставлен,22:43:00,23:08:00,"Москва, улица Гиляровского, 47с1",Чипсы Simply chips сыр пармезан с чесноком и зеленью,Снеки,109,109,0,1,109
221013-101-2342,2022-10-13,доставлен,22:43:00,23:08:00,"Москва, улица Гиляровского, 47с1",Доставка,Услуги Груши,0,0,0,1,0
221013-304-2615,2022-10-13,отменен,22:58:00,,"Москва, улица Гиляровского, 47с1",Бомбейский пряный плов с курицей тандури Chindi Kitchen,Готовая еда,319,319,0,1,319
221013-304-2615,2022-10-13,отменен,22:58:00,,"Москва, улица Гиляровского, 47с1","Protein pot с яйцом, сыром фета и помидорами черри Азбука life",Готовая еда,219,219,0,1,219
221013-304-2615,2022-10-13,отменен,22:58:00,,"Москва, улица Гиляровского, 47с1",Сосиска в тесте Cook Chart Bakery,Готовая еда,99,99,0,2,198
221013-304-2615,2022-10-13,отменен,22:58:00,,"Москва, улица Гиляровского, 47с1",Плов с бараниной Азбука Вкуса,Готовая еда,349,349,0,2,698
221013-304-2615,2022-10-13,отменен,22:58:00,,"Москва, улица Гиляровского, 47с1",Доставка,Услуги Груши,0,0,0,1,0
221016-381-8802,2022-10-16,доставлен,20:54:00,21:13:00,"Москва, улица Гиляровского, 47с1",Батончик шоколадный Mars Max,Сладости,89,89,0,1,89
221016-381-8802,2022-10-16,доставлен,20:54:00,21:13:00,"Москва, улица Гиляровского, 47с1",Завиток с корицей Братья Караваевы,Сладости,109,109,0,2,218
221016-381-8802,2022-10-16,доставлен,20:54:00,21:13:00,"Москва, улица Гиляровского, 47с1",Клубника Из Груши,Фрукты,289,209,80,1,209
221016-381-8802,2022-10-16,доставлен,20:54:00,21:13:00,"Москва, улица Гиляровского, 47с1",Чипсы Lay's сыр,Снеки,149,149,0,2,298
221016-381-8802,2022-10-16,доставлен,20:54:00,21:13:00,"Москва, улица Гиляровского, 47с1",Доставка,Услуги Груши,119,119,0,1,119
221017-437-0370,2022-10-17,доставлен,22:58:00,23:04:00,"Москва, улица Гиляровского, 47с1",Рулетик с корицей и изюмом Братья Караваевы,Сладости,339,339,0,1,339
221017-437-0370,2022-10-17,доставлен,22:58:00,23:04:00,"Москва, улица Гиляровского, 47с1",Сэндвич Гриль чиз Mates,Готовая еда,299,299,0,1,299
221017-437-0370,2022-10-17,доставлен,22:58:00,23:04:00,"Москва, улица Гиляровского, 47с1",Чипсы Pringles паприка,Снеки,299,219,80,1,219
221017-437-0370,2022-10-17,доставлен,22:58:00,23:04:00,"Москва, улица Гиляровского, 47с1",Доставка,Услуги Груши,49,49,0,1,49
221017-743-8065,2022-10-17,доставлен,23:22:00,23:45:00,"Москва, улица Гиляровского, 47с1",Батончик шоколадный Twix,Сладости,59,59,0,1,59
221017-743-8065,2022-10-17,доставлен,23:22:00,23:45:00,"Москва, улица Гиляровского, 47с1",Пирожное Картошка Из Груши,Сладости,119,119,0,1,119
221017-743-8065,2022-10-17,доставлен,23:22:00,23:45:00,"Москва, улица Гиляровского, 47с1",Лимонад Из Груши с соком манго и маракуйи,Напитки,129,129,0,2,258
221017-743-8065,2022-10-17,доставлен,23:22:00,23:45:00,"Москва, улица Гиляровского, 47с1","Шоколад молочный Ritter Sport с ромом, изюмом и орехом",Сладости,159,159,0,1,159
221017-743-8065,2022-10-17,доставлен,23:22:00,23:45:00,"Москва, улица Гиляровского, 47с1",Банан,Фрукты,19,19,0,1,19
221017-743-8065,2022-10-17,доставлен,23:22:00,23:45:00,"Москва, улица Гиляровского, 47с1",Мороженое пломбир Чистая Линия,Сладости,139,139,0,1,139
221017-743-8065,2022-10-17,доставлен,23:22:00,23:45:00,"Москва, улица Гиляровского, 47с1",Доставка,Услуги Груши,99,99,0,1,99
221017-121-3359,2022-10-17,доставлен,23:58:00,00:15:00,"Москва, улица Гиляровского, 47с1",Напиток энергетический Adrenaline Rush,Напитки,139,139,0,1,139
221017-121-3359,2022-10-17,доставлен,23:58:00,00:15:00,"Москва, улица Гиляровского, 47с1","Напиток функциональный Actimuno гранат 1,5%",Напитки,49,49,0,1,49
221017-121-3359,2022-10-17,доставлен,23:58:00,00:15:00,"Москва, улица Гиляровского, 47с1",Доставка,Услуги Груши,0,0,0,1,0
221017-121-3359,2022-10-17,доставлен,23:58:00,00:15:00,"Москва, улица Гиляровского, 47с1",Упаковка,Услуги Груши,12,12,0,1,12
221023-499-2643,2022-10-23,доставлен,22:19:00,22:37:00,"Москва, улица Гиляровского, 47с1",Борщ с говядиной Азбука Вкуса,Готовая еда,459,319,140,1,319
221023-499-2643,2022-10-23,доставлен,22:19:00,22:37:00,"Москва, улица Гиляровского, 47с1",Сок апельсиновый Из Груши прямой отжим,Напитки,359,359,0,1,359
221023-499-2643,2022-10-23,доставлен,22:19:00,22:37:00,"Москва, улица Гиляровского, 47с1",Пельмени с фермерской индейкой Из Груши,Готовая еда,399,399,0,1,399
221023-499-2643,2022-10-23,доставлен,22:19:00,22:37:00,"Москва, улица Гиляровского, 47с1",Орехи кешью жареные Из Груши,Снеки,349,349,0,2,698
221023-499-2643,2022-10-23,доставлен,22:19:00,22:37:00,"Москва, улица Гиляровского, 47с1",Доставка,Услуги Груши,99,99,0,1,99
221023-499-2643,2022-10-23,доставлен,22:19:00,22:37:00,"Москва, улица Гиляровского, 47с1",Упаковка,Услуги Груши,12,12,0,1,12
221103-707-2174,2022-11-03,доставлен,23:23:00,23:43:00,"Москва, улица Гиляровского, 47с1",Напиток соевый Alpro банановый,Напитки,319,319,0,1,319
221103-707-2174,2022-11-03,доставлен,23:23:00,23:43:00,"Москва, улица Гиляровского, 47с1",Сок апельсиновый Из Груши прямой отжим с мякотью пастеризованный,Напитки,639,479,160,1,479
221103-707-2174,2022-11-03,доставлен,23:23:00,23:43:00,"Москва, улица Гиляровского, 47с1",Филе куриное охлаждённое Из Груши,База,329,329,0,1,329
221103-707-2174,2022-11-03,доставлен,23:23:00,23:43:00,"Москва, улица Гиляровского, 47с1",Доставка,Услуги Груши,0,0,0,1,0
221110-121-7075,2022-11-10,доставлен,21:56:00,22:15:00,"Москва, улица Гиляровского, 47с1","Масло сливочное 82,5% Из Груши",База,189,189,0,1,189
221110-121-7075,2022-11-10,доставлен,21:56:00,22:15:00,"Москва, улица Гиляровского, 47с1",Доставка,Услуги Груши,0,0,0,1,0
221111-021-6165,2022-11-11,отменен,21:15:00,,"Москва, улица Гиляровского, 47с1",Зефир ванильный Шармэль,Сладости,189,189,0,3,567
221111-021-6165,2022-11-11,отменен,21:15:00,,"Москва, улица Гиляровского, 47с1",Сухарики Три корочки бекон,Снеки,59,59,0,1,59
221111-021-6165,2022-11-11,отменен,21:15:00,,"Москва, улица Гиляровского, 47с1",Батончик шоколадный Bounty Trio,Сладости,69,69,0,2,138
221111-021-6165,2022-11-11,отменен,21:15:00,,"Москва, улица Гиляровского, 47с1",Доставка,Услуги Груши,49,49,0,1,49
221111-021-6165,2022-11-11,отменен,21:15:00,,"Москва, улица Гиляровского, 47с1",Упаковка,Услуги Груши,12,12,0,1,12
221111-439-2917,2022-11-11,доставлен,22:00:00,22:15:00,"Москва, улица Гиляровского, 47с1",Вода Святой источник негазированная,Вода,129,129,0,1,129
221111-439-2917,2022-11-11,доставлен,22:00:00,22:15:00,"Москва, улица Гиляровского, 47с1",Бабагануш с пшеничными лепёшками Chindi Kitchen,Готовая еда,269,269,0,1,269
221111-439-2917,2022-11-11,доставлен,22:00:00,22:15:00,"Москва, улица Гиляровского, 47с1",Доставка,Услуги Груши,79,79,0,1,79
221112-893-9752,2022-11-12,доставлен,22:21:00,22:35:00,"Москва, улица Гиляровского, 47с1","Напиток соевый Alpro Banana банановый 1,8%",Напитки,109,109,0,1,109
221112-893-9752,2022-11-12,доставлен,22:21:00,22:35:00,"Москва, улица Гиляровского, 47с1",Йогурт греческий Teos Савушкин натуральный 2%,База,59,59,0,2,118
221112-893-9752,2022-11-12,доставлен,22:21:00,22:35:00,"Москва, улица Гиляровского, 47с1",Виноград кишмиш белый,Фрукты,249,249,0,1,249
221112-893-9752,2022-11-12,доставлен,22:21:00,22:35:00,"Москва, улица Гиляровского, 47с1",Доставка,Услуги Груши,49,49,0,1,49
221115-427-0643,2022-11-15,доставлен,22:48:00,23:05:00,"Москва, улица Гиляровского, 47с1","Напиток функциональный Actimuno гранат 1,5%",Напитки,49,49,0,1,49
221115-427-0643,2022-11-15,доставлен,22:48:00,23:05:00,"Москва, улица Гиляровского, 47с1",Доставка,Услуги Груши,119,119,0,1,119
221117-141-5946,2022-11-17,доставлен,22:37:00,23:00:00,"Москва, улица Гиляровского, 47с1",Чипсы Lay's сметана и лук рифлёные,Снеки,199,199,0,2,398
221117-141-5946,2022-11-17,доставлен,22:37:00,23:00:00,"Москва, улица Гиляровского, 47с1",Авокадо Хасс,Овощи,169,169,0,1,169
221117-141-5946,2022-11-17,доставлен,22:37:00,23:00:00,"Москва, улица Гиляровского, 47с1",Шоколад белый пористый Воздушный,Сладости,139,139,0,1,139
221117-141-5946,2022-11-17,доставлен,22:37:00,23:00:00,"Москва, улица Гиляровского, 47с1",Бомбейский пряный плов с курицей тандури Chindi Kitchen,Готовая еда,319,319,0,1,319
221117-141-5946,2022-11-17,доставлен,22:37:00,23:00:00,"Москва, улица Гиляровского, 47с1",Зефир ванильный Шармэль,Сладости,189,189,0,1,189
221117-141-5946,2022-11-17,доставлен,22:37:00,23:00:00,"Москва, улица Гиляровского, 47с1",Доставка,Услуги Груши,49,49,0,1,49
221117-141-5946,2022-11-17,доставлен,22:37:00,23:00:00,"Москва, улица Гиляровского, 47с1",Упаковка,Услуги Груши,12,12,0,1,12
221119-279-6619,2022-11-19,доставлен,20:03:00,20:13:00,"Москва, улица Гиляровского, 47с1",Печенье овсяное Овсянки Бейкери с клюквой,Сладости,209,159,50,1,159
221119-279-6619,2022-11-19,доставлен,20:03:00,20:13:00,"Москва, улица Гиляровского, 47с1",Куриная отбивная в кляре с картофельным пюре по-домашнему,Готовая еда,259,259,0,1,259
221119-279-6619,2022-11-19,доставлен,20:03:00,20:13:00,"Москва, улица Гиляровского, 47с1",Доставка,Услуги Груши,49,49,0,1,49
221202-814-4379,2022-12-02,доставлен,21:54:00,22:14:00,"Москва, улица Гиляровского, 47с1",Грейпфрут дольки нарезанные Из Груши,Фрукты,239,239,0,1,239
221202-814-4379,2022-12-02,доставлен,21:54:00,22:14:00,"Москва, улица Гиляровского, 47с1",Чипсы Simply chips сыр пармезан с чесноком и зеленью,Снеки,109,79,30,1,79
221202-814-4379,2022-12-02,доставлен,21:54:00,22:14:00,"Москва, улица Гиляровского, 47с1",Доставка,Услуги Груши,49,49,0,1,49
221204-374-4734,2022-12-04,доставлен,23:23:00,23:43:00,"Москва, улица Гиляровского, 47с1",Пастила яблочная Белёвская,Сладости,309,309,0,1,309
221204-374-4734,2022-12-04,доставлен,23:23:00,23:43:00,"Москва, улица Гиляровского, 47с1",Доставка,Услуги Груши,0,0,0,1,0
221220-289-3635,2022-12-20,доставлен,21:44:00,22:00:00,"Москва, улица Гиляровского, 47с1","Масло сливочное 82,5% Из Груши",База,189,189,0,2,378
221220-289-3635,2022-12-20,доставлен,21:44:00,22:00:00,"Москва, улица Гиляровского, 47с1",Вода Святой источник негазированная,Вода,129,129,0,1,129
221220-289-3635,2022-12-20,доставлен,21:44:00,22:00:00,"Москва, улица Гиляровского, 47с1",Попкорн Holy Corn нежный сыр,Снеки,89,89,0,1,89
221220-289-3635,2022-12-20,доставлен,21:44:00,22:00:00,"Москва, улица Гиляровского, 47с1",Блинчики с курицей и грибами Азбука Вкуса,Готовая еда,229,229,0,1,229
221220-289-3635,2022-12-20,доставлен,21:44:00,22:00:00,"Москва, улица Гиляровского, 47с1",Лимонад Из Груши с соком груши и яблока,Напитки,139,139,0,1,139
221220-289-3635,2022-12-20,доставлен,21:44:00,22:00:00,"Москва, улица Гиляровского, 47с1",Доставка,Услуги Груши,49,49,0,1,49
221220-289-3635,2022-12-20,доставлен,21:44:00,22:00:00,"Москва, улица Гиляровского, 47с1",Упаковка,Услуги Груши,12,12,0,1,12
221222-454-1243,2022-12-22,доставлен,23:08:00,23:33:00,"Москва, улица Гиляровского, 47с1",Домашний сыр в шпинатном соусе с рисом басмати Палак Панир Chindi Kitchen,Готовая еда,329,329,0,1,329
221222-454-1243,2022-12-22,доставлен,23:08:00,23:33:00,"Москва, улица Гиляровского, 47с1",Вода Святой источник негазированная,Вода,129,99,30,1,99
221222-454-1243,2022-12-22,доставлен,23:08:00,23:33:00,"Москва, улица Гиляровского, 47с1",Блинчики с начинкой с манго и кокосовым кремом Азбука вкуса,Готовая еда,249,179,70,1,179
221222-454-1243,2022-12-22,доставлен,23:08:00,23:33:00,"Москва, улица Гиляровского, 47с1",Шаурма с курицей Из Груши,Готовая еда,359,359,0,1,359
221222-454-1243,2022-12-22,доставлен,23:08:00,23:33:00,"Москва, улица Гиляровского, 47с1",Доставка,Услуги Груши,0,0,0,1,0
221228-022-2851,2022-12-28,доставлен,23:09:00,23:30:00,"Москва, улица Гиляровского, 47с1",Попкорн Holy Corn морская соль,Снеки,179,179,0,2,358
221228-022-2851,2022-12-28,доставлен,23:09:00,23:30:00,"Москва, улица Гиляровского, 47с1",Вода минеральная Нарзан газированная,Вода,159,159,0,1,159
221228-022-2851,2022-12-28,доставлен,23:09:00,23:30:00,"Москва, улица Гиляровского, 47с1","Масло сливочное 82,5% Из Груши традиционное",База,199,199,0,1,199
221228-022-2851,2022-12-28,доставлен,23:09:00,23:30:00,"Москва, улица Гиляровского, 47с1",Чипсы Lay's Из печи Нежный сыр с зеленью,Снеки,109,109,0,1,109
221228-022-2851,2022-12-28,доставлен,23:09:00,23:30:00,"Москва, улица Гиляровского, 47с1",Батончик Snickers лесной орех,Сладости,79,79,0,1,79
221228-022-2851,2022-12-28,доставлен,23:09:00,23:30:00,"Москва, улица Гиляровского, 47с1",Сок апельсиновый Из Груши прямой отжим,Напитки,359,359,0,1,359
221228-022-2851,2022-12-28,доставлен,23:09:00,23:30:00,"Москва, улица Гиляровского, 47с1",Крекеры Tuc сыр,Снеки,119,119,0,2,238
221228-022-2851,2022-12-28,доставлен,23:09:00,23:30:00,"Москва, улица Гиляровского, 47с1",Шоколад белый пористый Воздушный,Сладости,139,139,0,1,139
221228-022-2851,2022-12-28,доставлен,23:09:00,23:30:00,"Москва, улица Гиляровского, 47с1",Пирожное паштел де ната Хлеб Насущный,Сладости,129,129,0,1,129
221228-022-2851,2022-12-28,доставлен,23:09:00,23:30:00,"Москва, улица Гиляровского, 47с1",Доставка,Услуги Груши,149,149,0,1,149
221228-643-9896,2022-12-28,доставлен,23:58:00,01:08:00,"Москва, улица Гиляровского, 47с1",Бумага силиконизированная Paterra для выпекания 38 см х 6 м,Товары для дома,129,129,0,1,129
221228-643-9896,2022-12-28,доставлен,23:58:00,01:08:00,"Москва, улица Гиляровского, 47с1",Салат Оливье Азбука Вкуса,Готовая еда,249,249,0,1,249
221228-643-9896,2022-12-28,доставлен,23:58:00,01:08:00,"Москва, улица Гиляровского, 47с1",Батарейка GP Super Alkaline АA,Товары для дома,279,279,0,1,279
221228-643-9896,2022-12-28,доставлен,23:58:00,01:08:00,"Москва, улица Гиляровского, 47с1",Напиток энергетический Adrenaline Rush,Напитки,139,139,0,1,139
221228-643-9896,2022-12-28,доставлен,23:58:00,01:08:00,"Москва, улица Гиляровского, 47с1",Сок грейпфрутовый Из Груши прямого отжима,Напитки,429,429,0,1,429
221228-643-9896,2022-12-28,доставлен,23:58:00,01:08:00,"Москва, улица Гиляровского, 47с1",Доставка,Услуги Груши,0,0,0,1,0
221229-223-8259,2022-12-29,доставлен,20:20:00,20:36:00,"Москва, улица Гиляровского, 47с1",Чипсы Pringles Original,Снеки,269,269,0,1,269
221229-223-8259,2022-12-29,доставлен,20:20:00,20:36:00,"Москва, улица Гиляровского, 47с1",Банан,Фрукты,19,19,0,1,19
221229-223-8259,2022-12-29,доставлен,20:20:00,20:36:00,"Москва, улица Гиляровского, 47с1",Котлеты куриные на пару Азбука вкуса,Готовая еда,209,209,0,1,209
221229-223-8259,2022-12-29,доставлен,20:20:00,20:36:00,"Москва, улица Гиляровского, 47с1",Бомбейский пряный плов с курицей тандури Chindi Kitchen,Готовая еда,319,319,0,1,319
221229-223-8259,2022-12-29,доставлен,20:20:00,20:36:00,"Москва, улица Гиляровского, 47с1",Шоколад молочный Ritter Sport Extra Nut с цельным миндалём,Сладости,229,229,0,1,229
221229-223-8259,2022-12-29,доставлен,20:20:00,20:36:00,"Москва, улица Гиляровского, 47с1",Шоколад молочный пористый Milka Bubbles с кокосом,Сладости,129,129,0,2,258
221229-223-8259,2022-12-29,доставлен,20:20:00,20:36:00,"Москва, улица Гиляровского, 47с1",Доставка,Услуги Груши,0,0,0,1,0
221229-223-8259,2022-12-29,доставлен,20:20:00,20:36:00,"Москва, улица Гиляровского, 47с1",Упаковка,Услуги Груши,12,12,0,1,12
230106-326-2886,2023-01-06,доставлен,23:03:00,23:12:00,"Москва, улица Гиляровского, 47с1",Пирожное Эклер классический Из Груши,Сладости,199,159,40,1,159
230106-326-2886,2023-01-06,доставлен,23:03:00,23:12:00,"Москва, улица Гиляровского, 47с1",Чипсы креветочные Nongshim острые,Снеки,149,149,0,2,298
230106-326-2886,2023-01-06,доставлен,23:03:00,23:12:00,"Москва, улица Гиляровского, 47с1",Доставка,Услуги Груши,79,79,0,1,79
230106-326-2886,2023-01-06,доставлен,23:03:00,23:12:00,"Москва, улица Гиляровского, 47с1",Упаковка,Услуги Груши,15,15,0,1,15
230107-725-2186,2023-01-07,отменен,20:42:00,,"Москва, улица Гиляровского, 47с1",Вода минеральная Ессентуки №17 лечебно-столовая газированная,Вода,399,399,0,1,399
230107-725-2186,2023-01-07,отменен,20:42:00,,"Москва, улица Гиляровского, 47с1",Сэндвич с индейкой и моцареллой Из Груши,Готовая еда,259,189,70,1,189
230107-725-2186,2023-01-07,отменен,20:42:00,,"Москва, улица Гиляровского, 47с1",Доставка,Услуги Груши,49,49,0,1,49
230112-030-9901,2023-01-12,отменен,22:51:00,,"Москва, улица Гиляровского, 47с1","Суп с куриными фрикадельками, с пастой Алфавит Азбука Вкуса",Готовая еда,289,289,0,2,578
230112-030-9901,2023-01-12,отменен,22:51:00,,"Москва, улица Гиляровского, 47с1",Доставка,Услуги Груши,0,0,0,1,0
230114-304-7163,2023-01-14,доставлен,22:18:00,22:32:00,"Москва, улица Гиляровского, 47с1",Бабагануш с пшеничными лепёшками Chindi Kitchen,Готовая еда,269,269,0,1,269
230114-304-7163,2023-01-14,доставлен,22:18:00,22:32:00,"Москва, улица Гиляровского, 47с1",Миндаль жареный солёный Из Груши,Снеки,419,419,0,2,838
230114-304-7163,2023-01-14,доставлен,22:18:00,22:32:00,"Москва, улица Гиляровского, 47с1",Доставка,Услуги Груши,0,0,0,1,0
230114-304-7163,2023-01-14,доставлен,22:18:00,22:32:00,"Москва, улица Гиляровского, 47с1",Упаковка,Услуги Груши,15,15,0,1,15
230118-339-9135,2023-01-18,доставлен,21:46:00,22:01:00,"Москва, улица Гиляровского, 47с1",Попкорн Holy Corn морская соль,Снеки,179,179,0,1,179
230118-339-9135,2023-01-18,доставлен,21:46:00,22:01:00,"Москва, улица Гиляровского, 47с1",Шоколад тёмный Lindt Excellence апельсин,Сладости,579,579,0,1,579
230118-339-9135,2023-01-18,доставлен,21:46:00,22:01:00,"Москва, улица Гиляровского, 47с1",Фриттата с креветками и овощами Из Груши,Готовая еда,269,269,0,2,538
230118-339-9135,2023-01-18,доставлен,21:46:00,22:01:00,"Москва, улица Гиляровского, 47с1",Помидоры черри Эко-культура круглые жёлтые на ветке,Овощи,219,219,0,1,219
230118-339-9135,2023-01-18,доставлен,21:46:00,22:01:00,"Москва, улица Гиляровского, 47с1",Напиток соевый Alpro банановый,Напитки,349,349,0,1,349
230118-339-9135,2023-01-18,доставлен,21:46:00,22:01:00,"Москва, улица Гиляровского, 47с1",Английский маффин с беконом и яйцом Mates,Готовая еда,289,289,0,1,289
230118-339-9135,2023-01-18,доставлен,21:46:00,22:01:00,"Москва, улица Гиляровского, 47с1",Черешня Бычье сердце,Фрукты,849,849,0,3,2547
230118-339-9135,2023-01-18,доставлен,21:46:00,22:01:00,"Москва, улица Гиляровского, 47с1",Сок грейпфрутовый Из Груши прямого отжима,Напитки,429,429,0,1,429
230118-339-9135,2023-01-18,доставлен,21:46:00,22:01:00,"Москва, улица Гиляровского, 47с1",Доставка,Услуги Груши,199,199,0,1,199
230125-735-4320,2023-01-25,доставлен,21:09:00,21:20:00,"Москва, улица Гиляровского, 47с1","Масло сливочное 82,5% Из Груши",База,179,179,0,1,179
230125-735-4320,2023-01-25,доставлен,21:09:00,21:20:00,"Москва, улица Гиляровского, 47с1",Доставка,Услуги Груши,0,0,0,1,0
230125-735-4320,2023-01-25,доставлен,21:09:00,21:20:00,"Москва, улица Гиляровского, 47с1",Упаковка,Услуги Груши,15,15,0,1,15
230127-450-9042,2023-01-27,отменен,21:43:00,,"Москва, улица Гиляровского, 47с1",Вода Святой источник негазированная,Вода,129,129,0,1,129
230127-450-9042,2023-01-27,отменен,21:43:00,,"Москва, улица Гиляровского, 47с1",Пирожное Эклер классический Из Груши,Сладости,199,199,0,1,199
230127-450-9042,2023-01-27,отменен,21:43:00,,"Москва, улица Гиляровского, 47с1",Доставка,Услуги Груши,49,49,0,1,49
230127-450-9042,2023-01-27,отменен,21:43:00,,"Москва, улица Гиляровского, 47с1",Упаковка,Услуги Груши,15,15,0,1,15
230128-711-0849,2023-01-28,доставлен,22:56:00,23:04:00,"Москва, улица Гиляровского, 47с1",Боул с цыплёнком тандури Soul in the Bowl,Готовая еда,259,259,0,1,259
230128-711-0849,2023-01-28,доставлен,22:56:00,23:04:00,"Москва, улица Гиляровского, 47с1","Напиток функциональный Actimuno гранат 1,5%",Напитки,49,49,0,1,49
230128-711-0849,2023-01-28,доставлен,22:56:00,23:04:00,"Москва, улица Гиляровского, 47с1",Миндаль жареный солёный Из Груши,Снеки,419,419,0,2,838
230128-711-0849,2023-01-28,доставлен,22:56:00,23:04:00,"Москва, улица Гиляровского, 47с1",Доставка,Услуги Груши,0,0,0,1,0
230204-935-5516,2023-02-04,доставлен,22:21:00,22:40:00,"Москва, улица Гиляровского, 47с1",Котлеты из курицы с картофельным пюре большая порция Из Груши,Готовая еда,599,599,0,1,599
230204-935-5516,2023-02-04,доставлен,22:21:00,22:40:00,"Москва, улица Гиляровского, 47с1",Lay's Из печи томаты и базилик,Снеки,109,109,0,1,109
230204-935-5516,2023-02-04,доставлен,22:21:00,22:40:00,"Москва, улица Гиляровского, 47с1",Цитросепт капли для приема внутрь 50 мл,Аптека,2690,2690,0,1,2690
230204-935-5516,2023-02-04,доставлен,22:21:00,22:40:00,"Москва, улица Гиляровского, 47с1",Доставка,Услуги Груши,199,199,0,1,199
230204-935-5516,2023-02-04,доставлен,22:21:00,22:40:00,"Москва, улица Гиляровского, 47с1",Упаковка,Услуги Груши,15,15,0,1,15
230208-637-4416,2023-02-08,доставлен,23:06:00,23:20:00,"Москва, улица Гиляровского, 47с1",Пирог с картофелем и сыром Рамонти Пайз,Готовая еда,159,159,0,1,159
230208-637-4416,2023-02-08,доставлен,23:06:00,23:20:00,"Москва, улица Гиляровского, 47с1",Батончики шоколадные Snickers Minis,Сладости,229,229,0,3,687
230208-637-4416,2023-02-08,доставлен,23:06:00,23:20:00,"Москва, улица Гиляровского, 47с1",Доставка,Услуги Груши,79,79,0,1,79
230213-954-9385,2023-02-13,доставлен,23:58:00,00:22:00,"Москва, улица Гиляровского, 47с1",Шоколад гречишный Фабрика природы с кокосом,Сладости,119,119,0,1,119
230213-954-9385,2023-02-13,доставлен,23:58:00,00:22:00,"Москва, улица Гиляровского, 47с1","Молоко 3,4%-6% Асеньевская ферма пастеризованное",База,109,79,30,1,79
230213-954-9385,2023-02-13,доставлен,23:58:00,00:22:00,"Москва, улица Гиляровского, 47с1",Доставка,Услуги Груши,99,99,0,1,99
230220-540-4420,2023-02-20,доставлен,23:26:00,00:02:00,"Москва, улица Гиляровского, 47с1",Чипсы креветочные Nongshim острые,Снеки,149,149,0,1,149
230220-540-4420,2023-02-20,доставлен,23:26:00,00:02:00,"Москва, улица Гиляровского, 47с1",Кофе холодный латте Из Груши,Напитки,189,189,0,1,189
230220-540-4420,2023-02-20,доставлен,23:26:00,00:02:00,"Москва, улица Гиляровского, 47с1",Попкорн для СВЧ Из Груши с сыром,Снеки,59,59,0,2,118
230220-540-4420,2023-02-20,доставлен,23:26:00,00:02:00,"Москва, улица Гиляровского, 47с1",Омлет Классический со шпинатным соусом Из Груши,Готовая еда,179,139,40,1,139
230220-540-4420,2023-02-20,доставлен,23:26:00,00:02:00,"Москва, улица Гиляровского, 47с1",Доставка,Услуги Груши,79,79,0,1,79
230221-798-3989,2023-02-21,доставлен,21:54:00,22:07:00,"Москва, улица Гиляровского, 47с1",Сок апельсиновый Из Груши прямой отжим,Напитки,379,379,0,1,379
230221-798-3989,2023-02-21,доставлен,21:54:00,22:07:00,"Москва, улица Гиляровского, 47с1",Пирог с сыром и шпинатом Рамонти Пайз,Готовая еда,179,179,0,1,179
230221-798-3989,2023-02-21,доставлен,21:54:00,22:07:00,"Москва, улица Гиляровского, 47с1",Доставка,Услуги Груши,119,119,0,1,119
230221-798-3989,2023-02-21,доставлен,21:54:00,22:07:00,"Москва, улица Гиляровского, 47с1",Упаковка,Услуги Груши,15,15,0,1,15
230227-671-2409,2023-02-27,доставлен,23:41:00,23:47:00,"Москва, улица Гиляровского, 47с1","Масло сливочное 82,5% Из Груши",База,179,179,0,1,179
230227-671-2409,2023-02-27,доставлен,23:41:00,23:47:00,"Москва, улица Гиляровского, 47с1",Омлет запечённый с муссом из филе лосося,Готовая еда,199,199,0,1,199
230227-671-2409,2023-02-27,доставлен,23:41:00,23:47:00,"Москва, улица Гиляровского, 47с1",Доставка,Услуги Груши,119,119,0,1,119
230227-327-0492,2023-02-27,доставлен,23:58:00,00:19:00,"Москва, улица Гиляровского, 47с1",Блинчики с курицей и грибами Азбука Вкуса,Готовая еда,239,239,0,1,239
230227-327-0492,2023-02-27,доставлен,23:58:00,00:19:00,"Москва, улица Гиляровского, 47с1",Смузи манго-маракуйя Из Груши,Напитки,219,219,0,1,219
230227-327-0492,2023-02-27,доставлен,23:58:00,00:19:00,"Москва, улица Гиляровского, 47с1",Напиток соевый Alpro банановый,Напитки,349,349,0,1,349
230227-327-0492,2023-02-27,доставлен,23:58:00,00:19:00,"Москва, улица Гиляровского, 47с1",Сэндвич на круассане с индейкой и мандариновым соусом Eggsellent x Груша,Готовая еда,419,419,0,1,419
230227-327-0492,2023-02-27,доставлен,23:58:00,00:19:00,"Москва, улица Гиляровского, 47с1",Доставка,Услуги Груши,119,119,0,1,119
230302-872-6641,2023-03-02,доставлен,22:30:00,23:53:00,"Москва, улица Гиляровского, 47с1",Вода Святой источник негазированная,Вода,129,129,0,1,129
230302-872-6641,2023-03-02,доставлен,22:30:00,23:53:00,"Москва, улица Гиляровского, 47с1",Доставка,Услуги Груши,0,0,0,1,0
230302-872-6641,2023-03-02,доставлен,22:30:00,23:53:00,"Москва, улица Гиляровского, 47с1",Упаковка,Услуги Груши,15,15,0,1,15
230308-412-2929,2023-03-08,доставлен,23:36:00,23:53:00,"Москва, улица Гиляровского, 47с1",Хлебцы гречневые Dr. Korner,Снеки,89,89,0,1,89
230308-412-2929,2023-03-08,доставлен,23:36:00,23:53:00,"Москва, улица Гиляровского, 47с1",Батончик шоколадный Cadbury Wispa,Сладости,79,79,0,1,79
230308-412-2929,2023-03-08,доставлен,23:36:00,23:53:00,"Москва, улица Гиляровского, 47с1",Доставка,Услуги Груши,0,0,0,1,0
230314-080-9183,2023-03-14,отменен,20:50:00,,"Москва, улица Гиляровского, 47с1",Чипсы Lay's с солью,Снеки,69,69,0,1,69
230314-080-9183,2023-03-14,отменен,20:50:00,,"Москва, улица Гиляровского, 47с1","Protein pot с яйцом, сыром фета и помидорами черри Азбука life",Готовая еда,249,249,0,1,249
230314-080-9183,2023-03-14,отменен,20:50:00,,"Москва, улица Гиляровского, 47с1",Доставка,Услуги Груши,0,0,0,1,0
230315-283-0114,2023-03-15,доставлен,19:48:00,20:23:00,"Москва, улица Гиляровского, 47с1",Чипсы креветочные Nongshim острые,Снеки,149,149,0,2,298
230315-283-0114,2023-03-15,доставлен,19:48:00,20:23:00,"Москва, улица Гиляровского, 47с1",Напиток соевый Alpro банановый,Напитки,349,349,0,1,349
230315-283-0114,2023-03-15,доставлен,19:48:00,20:23:00,"Москва, улица Гиляровского, 47с1",Попкорн Holy Corn морская соль,Снеки,179,179,0,2,358
230315-283-0114,2023-03-15,доставлен,19:48:00,20:23:00,"Москва, улица Гиляровского, 47с1",Хлебцы гречневые Dr. Korner,Снеки,89,89,0,1,89
230315-283-0114,2023-03-15,доставлен,19:48:00,20:23:00,"Москва, улица Гиляровского, 47с1",Доставка,Услуги Груши,49,49,0,1,49
230315-283-0114,2023-03-15,доставлен,19:48:00,20:23:00,"Москва, улица Гиляровского, 47с1",Упаковка,Услуги Груши,15,15,0,1,15
230315-570-3541,2023-03-15,доставлен,22:21:00,22:47:00,"Москва, улица Гиляровского, 47с1",Битые огурцы Чихо,Готовая еда,379,379,0,1,379
230315-570-3541,2023-03-15,доставлен,22:21:00,22:47:00,"Москва, улица Гиляровского, 47с1",Салат Оливье Азбука Вкуса,Готовая еда,289,289,0,1,289
230315-570-3541,2023-03-15,доставлен,22:21:00,22:47:00,"Москва, улица Гиляровского, 47с1",Доставка,Услуги Груши,0,0,0,1,0
230317-114-4058,2023-03-17,доставлен,22:49:00,22:55:00,"Москва, улица Гиляровского, 47с1",Творог зернёный 5% Савушкин,База,69,69,0,1,69
230317-114-4058,2023-03-17,доставлен,22:49:00,22:55:00,"Москва, улица Гиляровского, 47с1",Апельсины сладкие,Фрукты,299,299,0,2,598
230317-114-4058,2023-03-17,доставлен,22:49:00,22:55:00,"Москва, улица Гиляровского, 47с1",Доставка,Услуги Груши,0,0,0,1,0
230318-020-4912,2023-03-18,доставлен,21:59:00,22:19:00,"Москва, улица Гиляровского, 47с1",Чипсы Simply chips сыр пармезан с чесноком и зеленью,Снеки,109,109,0,1,109
230318-020-4912,2023-03-18,доставлен,21:59:00,22:19:00,"Москва, улица Гиляровского, 47с1",Доставка,Услуги Груши,0,0,0,1,0
230323-115-8356,2023-03-23,доставлен,21:12:00,21:28:00,"Москва, улица Гиляровского, 47с1",Рис Басмати отварной Азбука Вкуса,Готовая еда,149,149,0,1,149
230323-115-8356,2023-03-23,доставлен,21:12:00,21:28:00,"Москва, улица Гиляровского, 47с1",Чипсы Pringles сметана-лук,Снеки,319,319,0,1,319
230323-115-8356,2023-03-23,доставлен,21:12:00,21:28:00,"Москва, улица Гиляровского, 47с1",Блинчики с курицей и грибами Азбука Вкуса,Готовая еда,239,239,0,1,239
230323-115-8356,2023-03-23,доставлен,21:12:00,21:28:00,"Москва, улица Гиляровского, 47с1",Доставка,Услуги Груши,0,0,0,1,0
230327-814-8751,2023-03-27,доставлен,21:56:00,23:21:00,"Москва, улица Гиляровского, 47с1",Пирог с сыром и шпинатом Рамонти Пайз,Готовая еда,179,179,0,1,179
230327-814-8751,2023-03-27,доставлен,21:56:00,23:21:00,"Москва, улица Гиляровского, 47с1",Попкорн для СВЧ Из Груши с сыром,Снеки,59,59,0,2,118
230327-814-8751,2023-03-27,доставлен,21:56:00,23:21:00,"Москва, улица Гиляровского, 47с1",Доставка,Услуги Груши,0,0,0,1,0
230327-814-8751,2023-03-27,доставлен,21:56:00,23:21:00,"Москва, улица Гиляровского, 47с1",Упаковка,Услуги Груши,15,15,0,1,15
230331-793-4601,2023-03-31,доставлен,18:43:00,19:12:00,"Москва, улица Гиляровского, 47с1","Масло сливочное 82,5% Из Груши",База,179,179,0,2,358
230331-793-4601,2023-03-31,доставлен,18:43:00,19:12:00,"Москва, улица Гиляровского, 47с1",Сэндвич с жареными шампиньонами и сыром Чеддер Mates,Готовая еда,319,319,0,1,319
230331-793-4601,2023-03-31,доставлен,18:43:00,19:12:00,"Москва, улица Гиляровского, 47с1",Доставка,Услуги Груши,0,0,0,1,0
230331-793-4601,2023-03-31,доставлен,18:43:00,19:12:00,"Москва, улица Гиляровского, 47с1",Упаковка,Услуги Груши,15,15,0,1,15
230403-374-1169,2023-04-03,доставлен,20:19:00,20:38:00,"Москва, улица Гиляровского, 47с1",Витамин D3 2000 МЕ Solgar 60 капсул,Аптека,1190,1190,0,1,1190
230403-374-1169,2023-04-03,доставлен,20:19:00,20:38:00,"Москва, улица Гиляровского, 47с1",Батончик арахисовый Kick в карамельном шоколаде,Сладости,339,339,0,1,339
230403-374-1169,2023-04-03,доставлен,20:19:00,20:38:00,"Москва, улица Гиляровского, 47с1",Шоколад молочный Ritter Sport Extra Nut с цельным миндалём,Сладости,229,229,0,1,229
230403-374-1169,2023-04-03,доставлен,20:19:00,20:38:00,"Москва, улица Гиляровского, 47с1",Орехи кешью жареные Из Груши,Снеки,379,379,0,1,379
230403-374-1169,2023-04-03,доставлен,20:19:00,20:38:00,"Москва, улица Гиляровского, 47с1",Доставка,Услуги Груши,79,79,0,1,79
230403-374-1169,2023-04-03,доставлен,20:19:00,20:38:00,"Москва, улица Гиляровского, 47с1",Упаковка,Услуги Груши,15,15,0,1,15
230410-297-1433,2023-04-10,доставлен,23:44:00,23:54:00,"Москва, улица Гиляровского, 47с1",Вода Святой источник негазированная,Вода,129,129,0,2,258
230410-297-1433,2023-04-10,доставлен,23:44:00,23:54:00,"Москва, улица Гиляровского, 47с1",Блинчики с творогом Азбука Вкуса,Готовая еда,169,169,0,1,169
230410-297-1433,2023-04-10,доставлен,23:44:00,23:54:00,"Москва, улица Гиляровского, 47с1",Икра деликатесная Санта Бремор с копчёным лососем,Готовая еда,179,179,0,1,179
230410-297-1433,2023-04-10,доставлен,23:44:00,23:54:00,"Москва, улица Гиляровского, 47с1",Доставка,Услуги Груши,0,0,0,1,0
230417-937-3972,2023-04-17,доставлен,19:42:00,20:14:00,"Москва, улица Гиляровского, 47с1",Рис Басмати отварной Азбука Вкуса,Готовая еда,149,149,0,1,149
230417-937-3972,2023-04-17,доставлен,19:42:00,20:14:00,"Москва, улица Гиляровского, 47с1",Сэндвич-ролл с креветками в соусе Том-ям Нияма,Готовая еда,259,259,0,1,259
230417-937-3972,2023-04-17,доставлен,19:42:00,20:14:00,"Москва, улица Гиляровского, 47с1",Доставка,Услуги Груши,149,149,0,1,149
230421-998-8975,2023-04-21,доставлен,18:50:00,19:04:00,"Москва, улица Гиляровского, 47с1",Попкорн Holy Corn морская соль,Снеки,179,179,0,2,358
230421-998-8975,2023-04-21,доставлен,18:50:00,19:04:00,"Москва, улица Гиляровского, 47с1",Доставка,Услуги Груши,79,79,0,1,79
230421-998-8975,2023-04-21,доставлен,18:50:00,19:04:00,"Москва, улица Гиляровского, 47с1",Упаковка,Услуги Груши,15,15,0,1,15
230421-688-9764,2023-04-21,доставлен,23:02:00,23:14:00,"Москва, улица Гиляровского, 47с1",Попкорн Holy Corn морская соль,Снеки,179,149,30,1,149
230421-688-9764,2023-04-21,доставлен,23:02:00,23:14:00,"Москва, улица Гиляровского, 47с1","Шоколад молочный Ritter Sport с ромом, изюмом и орехом",Сладости,159,159,0,1,159
230421-688-9764,2023-04-21,доставлен,23:02:00,23:14:00,"Москва, улица Гиляровского, 47с1",Доставка,Услуги Груши,0,0,0,1,0
230421-688-9764,2023-04-21,доставлен,23:02:00,23:14:00,"Москва, улица Гиляровского, 47с1",Упаковка,Услуги Груши,15,15,0,1,15
230423-967-5295,2023-04-23,доставлен,23:58:00,00:16:00,"Москва, улица Гиляровского, 47с1",Апельсины сладкие,Фрукты,299,299,0,1,299
230423-967-5295,2023-04-23,доставлен,23:58:00,00:16:00,"Москва, улица Гиляровского, 47с1",Печенье Творожные ушки Братья Караваевы,Сладости,349,349,0,1,349
230423-967-5295,2023-04-23,доставлен,23:58:00,00:16:00,"Москва, улица Гиляровского, 47с1",Напиток соевый Alpro банановый,Напитки,349,259,90,1,259
230423-967-5295,2023-04-23,доставлен,23:58:00,00:16:00,"Москва, улица Гиляровского, 47с1","Напиток функциональный Actimuno гранат 1,5%",Напитки,49,49,0,1,49
230423-967-5295,2023-04-23,доставлен,23:58:00,00:16:00,"Москва, улица Гиляровского, 47с1",Доставка,Услуги Груши,99,99,0,1,99
230428-785-3137,2023-04-28,доставлен,23:13:00,23:24:00,"Москва, улица Гиляровского, 47с1",Чипсы Lay's Из Печи Лисички в сметане,Снеки,109,109,0,1,109
230428-785-3137,2023-04-28,доставлен,23:13:00,23:24:00,"Москва, улица Гиляровского, 47с1",Суп-пюре сырный с креветками Азбука вкуса,Готовая еда,299,299,0,1,299
230428-785-3137,2023-04-28,доставлен,23:13:00,23:24:00,"Москва, улица Гиляровского, 47с1",Напиток газированный Кола Добрый,Напитки,99,99,0,1,99
230428-785-3137,2023-04-28,доставлен,23:13:00,23:24:00,"Москва, улица Гиляровского, 47с1",Сухарики Три корочки бекон,Снеки,59,59,0,1,59
230428-785-3137,2023-04-28,доставлен,23:13:00,23:24:00,"Москва, улица Гиляровского, 47с1",Попкорн Holy Corn нежный сыр,Снеки,89,89,0,1,89
230428-785-3137,2023-04-28,доставлен,23:13:00,23:24:00,"Москва, улица Гиляровского, 47с1",Доставка,Услуги Груши,49,49,0,1,49
230429-275-3293,2023-04-29,доставлен,22:53:00,23:22:00,"Москва, улица Гиляровского, 47с1",Суп-пюре сырный с креветками Азбука вкуса,Готовая еда,299,299,0,1,299
230429-275-3293,2023-04-29,доставлен,22:53:00,23:22:00,"Москва, улица Гиляровского, 47с1",Круассан миндальный Булка,Сладости,219,219,0,1,219
230429-275-3293,2023-04-29,доставлен,22:53:00,23:22:00,"Москва, улица Гиляровского, 47с1",Бомбейский пряный плов с курицей тандури Chindi Kitchen,Готовая еда,339,339,0,2,678
230429-275-3293,2023-04-29,доставлен,22:53:00,23:22:00,"Москва, улица Гиляровского, 47с1",Доставка,Услуги Груши,0,0,0,1,0
230503-997-0847,2023-05-03,доставлен,23:12:00,23:23:00,"Москва, улица Гиляровского, 47с1","Масло сливочное 82,5% Из Груши",База,179,179,0,1,179
230503-997-0847,2023-05-03,доставлен,23:12:00,23:23:00,"Москва, улица Гиляровского, 47с1",Доставка,Услуги Груши,0,0,0,1,0
230505-808-6567,2023-05-05,доставлен,20:14:00,20:41:00,"Москва, улица Гиляровского, 47с1",Вода минеральная Evian негазированная,Вода,329,329,0,2,658
230505-808-6567,2023-05-05,доставлен,20:14:00,20:41:00,"Москва, улица Гиляровского, 47с1",Попкорн Holy Corn морская соль,Снеки,179,179,0,1,179
230505-808-6567,2023-05-05,доставлен,20:14:00,20:41:00,"Москва, улица Гиляровского, 47с1",Лимонад Из Груши с соком груши и яблока,Напитки,139,139,0,1,139
230505-808-6567,2023-05-05,доставлен,20:14:00,20:41:00,"Москва, улица Гиляровского, 47с1",Чипсы Lay's сыр,Снеки,199,199,0,2,398
230505-808-6567,2023-05-05,доставлен,20:14:00,20:41:00,"Москва, улица Гиляровского, 47с1",Доставка,Услуги Груши,0,0,0,1,0
230515-576-7221,2023-05-15,доставлен,21:05:00,21:41:00,"Москва, улица Гиляровского, 47с1",Вода Святой источник негазированная,Вода,129,99,30,4,396
230515-576-7221,2023-05-15,доставлен,21:05:00,21:41:00,"Москва, улица Гиляровского, 47с1",Напиток энергетический Adrenaline Rush,Напитки,179,179,0,1,179
230515-576-7221,2023-05-15,доставлен,21:05:00,21:41:00,"Москва, улица Гиляровского, 47с1",Доставка,Услуги Груши,199,199,0,1,199
230519-408-8686,2023-05-19,доставлен,20:11:00,20:20:00,"Москва, улица Гиляровского, 47с1",Нектар апельсиновый Rich,Напитки,309,309,0,1,309
230519-408-8686,2023-05-19,доставлен,20:11:00,20:20:00,"Москва, улица Гиляровского, 47с1",Пицца Маргарита Из Груши,Готовая еда,639,639,0,1,639
230519-408-8686,2023-05-19,доставлен,20:11:00,20:20:00,"Москва, улица Гиляровского, 47с1",Спелые бананы,Фрукты,229,229,0,1,229
230519-408-8686,2023-05-19,доставлен,20:11:00,20:20:00,"Москва, улица Гиляровского, 47с1",Мороженое Monterra бельгийский шоколад,Сладости,699,519,180,1,519
230519-408-8686,2023-05-19,доставлен,20:11:00,20:20:00,"Москва, улица Гиляровского, 47с1",Блинчики с курицей и грибами Азбука Вкуса,Готовая еда,239,239,0,1,239
230519-408-8686,2023-05-19,доставлен,20:11:00,20:20:00,"Москва, улица Гиляровского, 47с1",Вода минеральная San Benedetto негазированная,Вода,239,239,0,1,239
230519-408-8686,2023-05-19,доставлен,20:11:00,20:20:00,"Москва, улица Гиляровского, 47с1",Доставка,Услуги Груши,79,79,0,1,79
230519-408-8686,2023-05-19,доставлен,20:11:00,20:20:00,"Москва, улица Гиляровского, 47с1",Упаковка,Услуги Груши,15,15,0,1,15
230519-888-2926,2023-05-19,доставлен,21:19:00,21:48:00,"Москва, улица Гиляровского, 47с1",Морс клюквенный Из Груши,Напитки,209,209,0,2,418
230519-888-2926,2023-05-19,доставлен,21:19:00,21:48:00,"Москва, улица Гиляровского, 47с1",Доставка,Услуги Груши,0,0,0,1,0
230526-483-8392,2023-05-26,доставлен,23:55:00,00:25:00,"Москва, улица Гиляровского, 47с1",Крекеры Tuc сыр,Снеки,119,119,0,1,119
230526-483-8392,2023-05-26,доставлен,23:55:00,00:25:00,"Москва, улица Гиляровского, 47с1",Поке с креветкой том ям Soul in the Bowl,Готовая еда,469,469,0,1,469
230526-483-8392,2023-05-26,доставлен,23:55:00,00:25:00,"Москва, улица Гиляровского, 47с1",Батончики шоколадные Twix Minis,Сладости,219,219,0,2,438
230526-483-8392,2023-05-26,доставлен,23:55:00,00:25:00,"Москва, улица Гиляровского, 47с1",Лимонад Из Груши с соком грейпфрута,Напитки,169,169,0,1,169
230526-483-8392,2023-05-26,доставлен,23:55:00,00:25:00,"Москва, улица Гиляровского, 47с1",Доставка,Услуги Груши,0,0,0,1,0
230528-990-0915,2023-05-28,доставлен,23:38:00,23:48:00,"Москва, улица Гиляровского, 47с1",Попкорн Holy Corn нежный сыр,Снеки,89,79,10,1,79
230528-990-0915,2023-05-28,доставлен,23:38:00,23:48:00,"Москва, улица Гиляровского, 47с1",Лапша быстрого приготовления Доширак курица,Готовая еда,79,69,10,1,69
230528-990-0915,2023-05-28,доставлен,23:38:00,23:48:00,"Москва, улица Гиляровского, 47с1",Доставка,Услуги Груши,149,149,0,1,149
230605-612-3816,2023-06-05,доставлен,21:09:00,21:20:00,"Москва, улица Гиляровского, 47с1","Масло сливочное 82,5% Из Груши",База,179,179,0,1,179
230605-612-3816,2023-06-05,доставлен,21:09:00,21:20:00,"Москва, улица Гиляровского, 47с1",Сок апельсиновый Из Груши прямой отжим,Напитки,379,339,40,1,339
230605-612-3816,2023-06-05,доставлен,21:09:00,21:20:00,"Москва, улица Гиляровского, 47с1",Доставка,Услуги Груши,0,0,0,1,0
230608-426-8204,2023-06-08,доставлен,21:46:00,22:21:00,"Москва, улица Гиляровского, 47с1",Чипсы Из Груши с томатом и паприкой,Снеки,79,79,0,1,79
230608-426-8204,2023-06-08,доставлен,21:46:00,22:21:00,"Москва, улица Гиляровского, 47с1",Попкорн Holy Corn нежный сыр,Снеки,89,89,0,1,89
230608-426-8204,2023-06-08,доставлен,21:46:00,22:21:00,"Москва, улица Гиляровского, 47с1",Каша овсяная с ягодами Из Груши,Готовая еда,159,159,0,1,159
230608-426-8204,2023-06-08,доставлен,21:46:00,22:21:00,"Москва, улица Гиляровского, 47с1",Доставка,Услуги Груши,79,79,0,1,79
230608-993-7542,2023-06-08,доставлен,23:55:00,00:23:00,"Москва, улица Гиляровского, 47с1",Лимонад Из Груши с соком грейпфрута,Напитки,169,169,0,1,169
230608-993-7542,2023-06-08,доставлен,23:55:00,00:23:00,"Москва, улица Гиляровского, 47с1",Чипсы Pringles Paprika с паприкой,Снеки,159,159,0,2,318
230608-993-7542,2023-06-08,доставлен,23:55:00,00:23:00,"Москва, улица Гиляровского, 47с1",Доставка,Услуги Груши,0,0,0,1,0
230608-993-7542,2023-06-08,доставлен,23:55:00,00:23:00,"Москва, улица Гиляровского, 47с1",Упаковка,Услуги Груши,15,15,0,1,15
230614-944-0435,2023-06-14,доставлен,20:55:00,21:05:00,"Москва, улица Гиляровского, 47с1",Миндаль жареный солёный Из Груши,Снеки,419,419,0,1,419
230614-944-0435,2023-06-14,доставлен,20:55:00,21:05:00,"Москва, улица Гиляровского, 47с1","Напиток овсяный Nemoloko шоколадный 3,2%",Напитки,59,59,0,1,59
230614-944-0435,2023-06-14,доставлен,20:55:00,21:05:00,"Москва, улица Гиляровского, 47с1",Чипсы Mojno батат сыр чеддер,Снеки,179,179,0,1,179
230614-944-0435,2023-06-14,доставлен,20:55:00,21:05:00,"Москва, улица Гиляровского, 47с1",Доставка,Услуги Груши,49,49,0,1,49
230617-662-8589,2023-06-17,доставлен,21:18:00,21:32:00,"Москва, улица Гиляровского, 47с1",Вода Святой источник негазированная,Вода,129,129,0,1,129
230617-662-8589,2023-06-17,доставлен,21:18:00,21:32:00,"Москва, улица Гиляровского, 47с1",Мармелад жевательный Haribo Goldbaren,Сладости,149,149,0,1,149
230617-662-8589,2023-06-17,доставлен,21:18:00,21:32:00,"Москва, улица Гиляровского, 47с1",Попкорн для СВЧ Из Груши с сыром,Снеки,59,59,0,2,118
230617-662-8589,2023-06-17,доставлен,21:18:00,21:32:00,"Москва, улица Гиляровского, 47с1",Суп с куриными фрикадельками и пастой Алфавит Азбука вкуса,Готовая еда,129,129,0,1,129
230617-662-8589,2023-06-17,доставлен,21:18:00,21:32:00,"Москва, улица Гиляровского, 47с1",Доставка,Услуги Груши,0,0,0,1,0
230617-835-7918,2023-06-17,доставлен,22:30:00,22:37:00,"Москва, улица Гиляровского, 47с1",Пластырь бактерицидный Cosmos 20 шт,Аптека,209,209,0,1,209
230617-835-7918,2023-06-17,доставлен,22:30:00,22:37:00,"Москва, улица Гиляровского, 47с1",Доставка,Услуги Груши,119,119,0,1,119
230620-184-1743,2023-06-20,доставлен,23:22:00,23:29:00,"Москва, улица Гиляровского, 47с1","Напиток функциональный Actimuno гранат 1,5%",Напитки,49,49,0,1,49
230620-184-1743,2023-06-20,доставлен,23:22:00,23:29:00,"Москва, улица Гиляровского, 47с1",Доставка,Услуги Груши,0,0,0,1,0
230620-184-1743,2023-06-20,доставлен,23:22:00,23:29:00,"Москва, улица Гиляровского, 47с1",Упаковка,Услуги Груши,15,15,0,1,15
230623-966-2987,2023-06-23,доставлен,21:41:00,22:05:00,"Москва, улица Гиляровского, 47с1","Суп с куриными фрикадельками, с пастой Алфавит Азбука Вкуса",Готовая еда,289,289,0,1,289
230623-966-2987,2023-06-23,доставлен,21:41:00,22:05:00,"Москва, улица Гиляровского, 47с1",Фунчоза с овощами по-корейски Азбука Вкуса,Готовая еда,159,159,0,2,318
230623-966-2987,2023-06-23,доставлен,21:41:00,22:05:00,"Москва, улица Гиляровского, 47с1",Доставка,Услуги Груши,79,79,0,1,79
230624-100-4973,2023-06-24,доставлен,20:53:00,21:08:00,"Москва, улица Гиляровского, 47с1",Котлеты куриные на пару Азбука вкуса,Готовая еда,209,209,0,1,209
230624-100-4973,2023-06-24,доставлен,20:53:00,21:08:00,"Москва, улица Гиляровского, 47с1",Пирог с сыром и шпинатом Рамонти Пайз,Готовая еда,179,179,0,1,179
230624-100-4973,2023-06-24,доставлен,20:53:00,21:08:00,"Москва, улица Гиляровского, 47с1",Шоколад тёмный Lindt Excellence 70%,Сладости,449,449,0,1,449
230624-100-4973,2023-06-24,доставлен,20:53:00,21:08:00,"Москва, улица Гиляровского, 47с1",Доставка,Услуги Груши,0,0,0,1,0
230628-930-8302,2023-06-28,доставлен,22:11:00,23:02:00,"Москва, улица Гиляровского, 47с1",Американо S,Напитки,129,129,0,1,129
230628-930-8302,2023-06-28,доставлен,22:11:00,23:02:00,"Москва, улица Гиляровского, 47с1",Доставка,Услуги Груши,119,119,0,1,119
230629-447-8217,2023-06-29,доставлен,20:41:00,20:58:00,"Москва, улица Гиляровского, 47с1",Паста Карбонара Азбука Вкуса,Готовая еда,529,529,0,1,529
230629-447-8217,2023-06-29,доставлен,20:41:00,20:58:00,"Москва, улица Гиляровского, 47с1",Лимонад Из Груши с соком грейпфрута,Напитки,169,119,50,3,357
230629-447-8217,2023-06-29,доставлен,20:41:00,20:58:00,"Москва, улица Гиляровского, 47с1",Попкорн Holy Corn нежный сыр,Снеки,89,89,0,1,89
230629-447-8217,2023-06-29,доставлен,20:41:00,20:58:00,"Москва, улица Гиляровского, 47с1",Доставка,Услуги Груши,99,99,0,1,99
230629-447-8217,2023-06-29,доставлен,20:41:00,20:58:00,"Москва, улица Гиляровского, 47с1",Упаковка,Услуги Груши,15,15,0,1,15
230701-509-7389,2023-07-01,доставлен,22:48:00,23:19:00,"Москва, улица Гиляровского, 47с1",Напиток соевый Alpro банановый,Напитки,349,309,40,1,309
230701-509-7389,2023-07-01,доставлен,22:48:00,23:19:00,"Москва, улица Гиляровского, 47с1","Яблоки Богатырь Агроном-сад отборные, 4 шт.",Фрукты,199,199,0,1,199
230701-509-7389,2023-07-01,доставлен,22:48:00,23:19:00,"Москва, улица Гиляровского, 47с1",Начос кукурузные Delicados,Снеки,249,219,30,1,219
230701-509-7389,2023-07-01,доставлен,22:48:00,23:19:00,"Москва, улица Гиляровского, 47с1",Филе куриное запечённое с помидорами и сыром Азбука Вкуса,Готовая еда,299,299,0,2,598
230701-509-7389,2023-07-01,доставлен,22:48:00,23:19:00,"Москва, улица Гиляровского, 47с1",Напиток газированный Кола Добрый,Напитки,99,99,0,1,99
230701-509-7389,2023-07-01,доставлен,22:48:00,23:19:00,"Москва, улица Гиляровского, 47с1",Доставка,Услуги Груши,49,49,0,1,49
230703-234-5816,2023-07-03,доставлен,23:00:00,23:21:00,"Москва, улица Гиляровского, 47с1",Сэндвич с индейкой и моцареллой Из Груши,Готовая еда,259,259,0,1,259
230703-234-5816,2023-07-03,доставлен,23:00:00,23:21:00,"Москва, улица Гиляровского, 47с1",Спрей для горла Гексорал,Аптека,529,529,0,1,529
230703-234-5816,2023-07-03,доставлен,23:00:00,23:21:00,"Москва, улица Гиляровского, 47с1",Доставка,Услуги Груши,0,0,0,1,0
230703-234-5816,2023-07-03,доставлен,23:00:00,23:21:00,"Москва, улица Гиляровского, 47с1",Упаковка,Услуги Груши,15,15,0,1,15
230705-774-6008,2023-07-05,доставлен,23:23:00,23:35:00,"Москва, улица Гиляровского, 47с1",Печенье Творожные ушки Братья Караваевы,Сладости,349,279,70,1,279
230705-774-6008,2023-07-05,доставлен,23:23:00,23:35:00,"Москва, улица Гиляровского, 47с1",Доставка,Услуги Груши,119,119,0,1,119
230705-774-6008,2023-07-05,доставлен,23:23:00,23:35:00,"Москва, улица Гиляровского, 47с1",Упаковка,Услуги Груши,15,15,0,1,15
230705-325-1658,2023-07-05,доставлен,23:58:00,00:14:00,"Москва, улица Гиляровского, 47с1",Смесь орехов с цукатами Семушка,Фрукты,179,179,0,1,179
230705-325-1658,2023-07-05,доставлен,23:58:00,00:14:00,"Москва, улица Гиляровского, 47с1",Чипсы Pringles паприка,Снеки,319,319,0,1,319
230705-325-1658,2023-07-05,доставлен,23:58:00,00:14:00,"Москва, улица Гиляровского, 47с1",Попкорн для СВЧ Из Груши с сыром,Снеки,59,59,0,1,59
230705-325-1658,2023-07-05,доставлен,23:58:00,00:14:00,"Москва, улица Гиляровского, 47с1",Доставка,Услуги Груши,0,0,0,1,0
230706-325-5893,2023-07-06,доставлен,23:15:00,23:40:00,"Москва, улица Гиляровского, 47с1","Масло сливочное 82,5% Из Груши",База,179,149,30,1,149
230706-325-5893,2023-07-06,доставлен,23:15:00,23:40:00,"Москва, улица Гиляровского, 47с1",Шоколад тёмный Люкс Бабаевский,Сладости,169,169,0,1,169
230706-325-5893,2023-07-06,доставлен,23:15:00,23:40:00,"Москва, улица Гиляровского, 47с1",Доставка,Услуги Груши,149,149,0,1,149
230715-461-9011,2023-07-15,доставлен,18:24:00,18:37:00,"Москва, улица Гиляровского, 47с1",Печенье Хворост Из Груши медовый,Сладости,209,209,0,1,209
230715-461-9011,2023-07-15,доставлен,18:24:00,18:37:00,"Москва, улица Гиляровского, 47с1",Батончик шоколадный Cadbury Wispa,Сладости,79,79,0,3,237
230715-461-9011,2023-07-15,доставлен,18:24:00,18:37:00,"Москва, улица Гиляровского, 47с1",Апельсины,Фрукты,129,129,0,1,129
230715-461-9011,2023-07-15,доставлен,18:24:00,18:37:00,"Москва, улица Гиляровского, 47с1",Батончик молочный KitKat с хрустящей вафлей,Сладости,79,79,0,1,79
230715-461-9011,2023-07-15,доставлен,18:24:00,18:37:00,"Москва, улица Гиляровского, 47с1",Доставка,Услуги Груши,79,79,0,1,79
230727-415-6718,2023-07-27,доставлен,23:34:00,23:41:00,"Москва, улица Гиляровского, 47с1",Вода Святой источник негазированная,Вода,129,129,0,1,129
230727-415-6718,2023-07-27,доставлен,23:34:00,23:41:00,"Москва, улица Гиляровского, 47с1",Пирожное Картошка Из Груши,Сладости,169,169,0,1,169
230727-415-6718,2023-07-27,доставлен,23:34:00,23:41:00,"Москва, улица Гиляровского, 47с1",Боул с цыплёнком тандури Soul in the Bowl,Готовая еда,259,259,0,1,259
230727-415-6718,2023-07-27,доставлен,23:34:00,23:41:00,"Москва, улица Гиляровского, 47с1",Доставка,Услуги Груши,79,79,0,1,79
230802-621-2071,2023-08-02,доставлен,19:48:00,20:16:00,"Москва, улица Гиляровского, 47с1",Брусника Планета витаминов замороженная,Фрукты,559,559,0,3,1677
230802-621-2071,2023-08-02,доставлен,19:48:00,20:16:00,"Москва, улица Гиляровского, 47с1",Гранола-мюсли Extra с молочным шоколадом,База,439,439,0,1,439
230802-621-2071,2023-08-02,доставлен,19:48:00,20:16:00,"Москва, улица Гиляровского, 47с1",Сок апельсиновый Из Груши прямой отжим,Напитки,379,379,0,1,379
230802-621-2071,2023-08-02,доставлен,19:48:00,20:16:00,"Москва, улица Гиляровского, 47с1",Доставка,Услуги Груши,99,99,0,1,99
230802-621-2071,2023-08-02,доставлен,19:48:00,20:16:00,"Москва, улица Гиляровского, 47с1",Упаковка,Услуги Груши,15,15,0,1,15
230810-113-7171,2023-08-10,доставлен,23:52:00,23:56:00,"Москва, улица Гиляровского, 47с1","Масло сливочное 82,5% Из Груши",База,179,149,30,1,149
230810-113-7171,2023-08-10,доставлен,23:52:00,23:56:00,"Москва, улица Гиляровского, 47с1",Мармелад жевательный Haribo Goldbaren,Сладости,149,149,0,2,298
230810-113-7171,2023-08-10,доставлен,23:52:00,23:56:00,"Москва, улица Гиляровского, 47с1",Парацетамол таблетки 500 мг 20 шт,Аптека,89,89,0,1,89
230810-113-7171,2023-08-10,доставлен,23:52:00,23:56:00,"Москва, улица Гиляровского, 47с1",Доставка,Услуги Груши,99,99,0,1,99
230810-113-7171,2023-08-10,доставлен,23:52:00,23:56:00,"Москва, улица Гиляровского, 47с1",Упаковка,Услуги Груши,15,15,0,1,15
230826-569-9309,2023-08-26,доставлен,22:02:00,22:45:00,"Москва, улица Гиляровского, 47с1",Салат Цезарь с курицей Азбука Вкуса,Готовая еда,329,329,0,1,329
230826-569-9309,2023-08-26,доставлен,22:02:00,22:45:00,"Москва, улица Гиляровского, 47с1",Напиток соевый Alpro банановый,Напитки,349,349,0,1,349
230826-569-9309,2023-08-26,доставлен,22:02:00,22:45:00,"Москва, улица Гиляровского, 47с1",Плов с бараниной Азбука Вкуса,Готовая еда,349,349,0,2,698
230826-569-9309,2023-08-26,доставлен,22:02:00,22:45:00,"Москва, улица Гиляровского, 47с1",Попкорн для СВЧ Из Груши с солью,Снеки,49,49,0,1,49
230826-569-9309,2023-08-26,доставлен,22:02:00,22:45:00,"Москва, улица Гиляровского, 47с1",Поке с креветкой том ям Soul in the Bowl,Готовая еда,469,469,0,1,469
230826-569-9309,2023-08-26,доставлен,22:02:00,22:45:00,"Москва, улица Гиляровского, 47с1",Доставка,Услуги Груши,49,49,0,1,49
230826-412-3576,2023-08-26,доставлен,22:57:00,23:10:00,"Москва, улица Гиляровского, 47с1",Икра деликатесная Санта Бремор с копчёным лососем,Готовая еда,179,179,0,1,179
230826-412-3576,2023-08-26,доставлен,22:57:00,23:10:00,"Москва, улица Гиляровского, 47с1",Доставка,Услуги Груши,0,0,0,1,0
230827-126-1674,2023-08-27,доставлен,23:26:00,23:44:00,"Москва, улица Гиляровского, 47с1",Голубцы мясные тушеные в томатно-сливочном соусе Азбука Вкуса,Готовая еда,289,289,0,1,289
230827-126-1674,2023-08-27,доставлен,23:26:00,23:44:00,"Москва, улица Гиляровского, 47с1",Чипсы Pringles Paprika с паприкой,Снеки,159,159,0,2,318
230827-126-1674,2023-08-27,доставлен,23:26:00,23:44:00,"Москва, улица Гиляровского, 47с1",Попкорн Holy Corn морская соль,Снеки,179,179,0,1,179
230827-126-1674,2023-08-27,доставлен,23:26:00,23:44:00,"Москва, улица Гиляровского, 47с1",Сэндвич на круассане с лососем и муссом из шпината Из Груши,Готовая еда,319,319,0,1,319
230827-126-1674,2023-08-27,доставлен,23:26:00,23:44:00,"Москва, улица Гиляровского, 47с1",Доставка,Услуги Груши,49,49,0,1,49
230903-869-8585,2023-09-03,отменен,20:27:00,,"Москва, улица Гиляровского, 47с1",Вода Святой источник негазированная,Вода,129,129,0,2,258
230903-869-8585,2023-09-03,отменен,20:27:00,,"Москва, улица Гиляровского, 47с1",Миндаль жареный солёный Из Груши,Снеки,419,419,0,1,419
230903-869-8585,2023-09-03,отменен,20:27:00,,"Москва, улица Гиляровского, 47с1",Ромовая баба глазированная шоколадной помадкой Из Груши,Сладости,159,159,0,2,318
230903-869-8585,2023-09-03,отменен,20:27:00,,"Москва, улица Гиляровского, 47с1",Попкорн Holy Corn морская соль,Снеки,179,179,0,1,179
230903-869-8585,2023-09-03,отменен,20:27:00,,"Москва, улица Гиляровского, 47с1",Доставка,Услуги Груши,0,0,0,1,0
230904-665-9255,2023-09-04,доставлен,22:36:00,22:50:00,"Москва, улица Гиляровского, 47с1",Суп овощной Мадрас карри Chindi,Готовая еда,269,269,0,1,269
230904-665-9255,2023-09-04,доставлен,22:36:00,22:50:00,"Москва, улица Гиляровского, 47с1",Батончик шоколадный Milky Way 1+1,Сладости,59,59,0,1,59
230904-665-9255,2023-09-04,доставлен,22:36:00,22:50:00,"Москва, улица Гиляровского, 47с1",Филе куриное запечённое с помидорами и сыром Азбука Вкуса,Готовая еда,299,299,0,1,299
230904-665-9255,2023-09-04,доставлен,22:36:00,22:50:00,"Москва, улица Гиляровского, 47с1",Доставка,Услуги Груши,0,0,0,1,0
230909-110-1549,2023-09-09,доставлен,22:33:00,22:48:00,"Москва, улица Гиляровского, 47с1",Орехи кешью жареные Из Груши,Снеки,379,379,0,2,758
230909-110-1549,2023-09-09,доставлен,22:33:00,22:48:00,"Москва, улица Гиляровского, 47с1",Малина Из Груши,Фрукты,749,749,0,1,749
230909-110-1549,2023-09-09,доставлен,22:33:00,22:48:00,"Москва, улица Гиляровского, 47с1",Чипсы Pringles Paprika с паприкой,Снеки,159,139,20,1,139
230909-110-1549,2023-09-09,доставлен,22:33:00,22:48:00,"Москва, улица Гиляровского, 47с1",Доставка,Услуги Груши,0,0,0,1,0
230910-747-7250,2023-09-10,доставлен,23:22:00,23:38:00,"Москва, улица Гиляровского, 47с1","Масло сливочное 82,5% Из Груши",База,179,179,0,1,179
230910-747-7250,2023-09-10,доставлен,23:22:00,23:38:00,"Москва, улица Гиляровского, 47с1",Суп-пюре сырный с креветками Азбука вкуса,Готовая еда,299,299,0,2,598
230910-747-7250,2023-09-10,доставлен,23:22:00,23:38:00,"Москва, улица Гиляровского, 47с1",Доставка,Услуги Груши,0,0,0,1,0
230919-478-6670,2023-09-19,доставлен,22:52:00,23:03:00,"Москва, улица Гиляровского, 47с1",Батончик шоколадный Cadbury Wispa,Сладости,79,79,0,2,158
230919-478-6670,2023-09-19,доставлен,22:52:00,23:03:00,"Москва, улица Гиляровского, 47с1",Доставка,Услуги Груши,0,0,0,1,0
230923-405-6930,2023-09-23,доставлен,23:10:00,23:46:00,"Москва, улица Гиляровского, 47с1",Вода минеральная Petroglyph негазированная,Вода,149,149,0,1,149
230923-405-6930,2023-09-23,доставлен,23:10:00,23:46:00,"Москва, улица Гиляровского, 47с1",Виноград кишмиш белый,Фрукты,239,239,0,1,239
230923-405-6930,2023-09-23,доставлен,23:10:00,23:46:00,"Москва, улица Гиляровского, 47с1",Доставка,Услуги Груши,0,0,0,1,0
230925-813-3124,2023-09-25,доставлен,22:02:00,22:16:00,"Москва, улица Гиляровского, 47с1",Сухарики Три корочки бекон,Снеки,59,59,0,1,59
230925-813-3124,2023-09-25,доставлен,22:02:00,22:16:00,"Москва, улица Гиляровского, 47с1",Булочка с маком Братья Караваевы,Сладости,89,89,0,1,89
230925-813-3124,2023-09-25,доставлен,22:02:00,22:16:00,"Москва, улица Гиляровского, 47с1",Шоколад молочный Milka с фундуком,Сладости,139,139,0,2,278
230925-813-3124,2023-09-25,доставлен,22:02:00,22:16:00,"Москва, улица Гиляровского, 47с1",Доставка,Услуги Груши,0,0,0,1,0
230927-424-5069,2023-09-27,доставлен,21:33:00,21:51:00,"Москва, улица Гиляровского, 47с1",Маршмеллоу мини ванильный белый Guandy,Сладости,319,229,90,1,229
230927-424-5069,2023-09-27,доставлен,21:33:00,21:51:00,"Москва, улица Гиляровского, 47с1",Вода минеральная Evian без газа,Вода,139,139,0,1,139
230927-424-5069,2023-09-27,доставлен,21:33:00,21:51:00,"Москва, улица Гиляровского, 47с1",Чипсы Lay's Из Печи Лисички в сметане,Снеки,109,109,0,2,218
230927-424-5069,2023-09-27,доставлен,21:33:00,21:51:00,"Москва, улица Гиляровского, 47с1",Доставка,Услуги Груши,0,0,0,1,0
230930-078-4247,2023-09-30,доставлен,23:08:00,23:40:00,"Москва, улица Гиляровского, 47с1",Чипсы Lay's Из Печи Сметана и ароматные травы,Снеки,109,109,0,1,109
230930-078-4247,2023-09-30,доставлен,23:08:00,23:40:00,"Москва, улица Гиляровского, 47с1",Сок Сады Придонья яблоко-виноград с 6 месяцев без добавления сахара,Напитки,29,29,0,1,29
230930-078-4247,2023-09-30,доставлен,23:08:00,23:40:00,"Москва, улица Гиляровского, 47с1",Грейпфрут,Фрукты,69,69,0,1,69
230930-078-4247,2023-09-30,доставлен,23:08:00,23:40:00,"Москва, улица Гиляровского, 47с1",Сок апельсиновый Из Груши прямой отжим,Напитки,379,379,0,1,379
230930-078-4247,2023-09-30,доставлен,23:08:00,23:40:00,"Москва, улица Гиляровского, 47с1",Доставка,Услуги Груши,149,149,0,1,149
231001-023-7679,2023-10-01,доставлен,22:59:00,23:16:00,"Москва, улица Гиляровского, 47с1",Батончик молочный KitKat с хрустящей вафлей,Сладости,79,79,0,1,79
231001-023-7679,2023-10-01,доставлен,22:59:00,23:16:00,"Москва, улица Гиляровского, 47с1",Круассан миндальный Булка,Сладости,219,219,0,1,219
231001-023-7679,2023-10-01,доставлен,22:59:00,23:16:00,"Москва, улица Гиляровского, 47с1",Чипсы креветочные Nongshim острые,Снеки,149,149,0,1,149
231001-023-7679,2023-10-01,доставлен,22:59:00,23:16:00,"Москва, улица Гиляровского, 47с1",Голубика Артфрут,Фрукты,379,379,0,3,1137
231001-023-7679,2023-10-01,доставлен,22:59:00,23:16:00,"Москва, улица Гиляровского, 47с1",Доставка,Услуги Груши,0,0,0,1,0
231001-023-7679,2023-10-01,доставлен,22:59:00,23:16:00,"Москва, улица Гиляровского, 47с1",Упаковка,Услуги Груши,15,15,0,1,15
231001-778-5453,2023-10-01,доставлен,23:58:00,00:32:00,"Москва, улица Гиляровского, 47с1",Батончик Бабаевский с помадно-сливочной начинкой,Сладости,39,39,0,3,117
231001-778-5453,2023-10-01,доставлен,23:58:00,00:32:00,"Москва, улица Гиляровского, 47с1",Сок Сады Придонья яблоко-виноград с 6 месяцев без добавления сахара,Напитки,29,29,0,1,29
231001-778-5453,2023-10-01,доставлен,23:58:00,00:32:00,"Москва, улица Гиляровского, 47с1",Чипсы Mojno батат сыр чеддер,Снеки,179,179,0,1,179
231001-778-5453,2023-10-01,доставлен,23:58:00,00:32:00,"Москва, улица Гиляровского, 47с1",Кофе холодный латте Из Груши,Напитки,189,189,0,1,189
231001-778-5453,2023-10-01,доставлен,23:58:00,00:32:00,"Москва, улица Гиляровского, 47с1",Апельсины,Фрукты,129,129,0,1,129
231001-778-5453,2023-10-01,доставлен,23:58:00,00:32:00,"Москва, улица Гиляровского, 47с1",Доставка,Услуги Груши,0,0,0,1,0
231001-778-5453,2023-10-01,доставлен,23:58:00,00:32:00,"Москва, улица Гиляровского, 47с1",Упаковка,Услуги Груши,15,15,0,1,15
231011-576-7036,2023-10-11,доставлен,23:27:00,23:36:00,"Москва, улица Гиляровского, 47с1","Масло сливочное 82,5% Из Груши",База,179,179,0,1,179
231011-576-7036,2023-10-11,доставлен,23:27:00,23:36:00,"Москва, улица Гиляровского, 47с1",Вода Святой источник негазированная,Вода,129,129,0,1,129
231011-576-7036,2023-10-11,доставлен,23:27:00,23:36:00,"Москва, улица Гиляровского, 47с1",Батончик Snickers лесной орех,Сладости,119,119,0,1,119
231011-576-7036,2023-10-11,доставлен,23:27:00,23:36:00,"Москва, улица Гиляровского, 47с1",Доставка,Услуги Груши,79,79,0,1,79
231011-576-7036,2023-10-11,доставлен,23:27:00,23:36:00,"Москва, улица Гиляровского, 47с1",Упаковка,Услуги Груши,15,15,0,1,15
231011-744-0950,2023-10-11,доставлен,23:53:00,00:00:00,"Москва, улица Гиляровского, 47с1",Батончик Бабаевский с шоколадной начинкой,Сладости,69,69,0,1,69
231011-744-0950,2023-10-11,доставлен,23:53:00,00:00:00,"Москва, улица Гиляровского, 47с1",Чипсы Lay's Из Печи Сметана и ароматные травы,Снеки,109,109,0,1,109
231011-744-0950,2023-10-11,доставлен,23:53:00,00:00:00,"Москва, улица Гиляровского, 47с1",Доставка,Услуги Груши,0,0,0,1,0
231012-341-8434,2023-10-12,доставлен,23:16:00,00:02:00,"Москва, улица Гиляровского, 47с1",Начос кукурузные Delicados,Снеки,249,249,0,1,249
231012-341-8434,2023-10-12,доставлен,23:16:00,00:02:00,"Москва, улица Гиляровского, 47с1",Доставка,Услуги Груши,49,49,0,1,49
231016-392-5198,2023-10-16,доставлен,22:46:00,23:00:00,"Москва, улица Гиляровского, 47с1",Салат с крабовыми палочками большая порция Из Груши,Готовая еда,289,289,0,1,289
231016-392-5198,2023-10-16,доставлен,22:46:00,23:00:00,"Москва, улица Гиляровского, 47с1",Доставка,Услуги Груши,0,0,0,1,0
231016-392-5198,2023-10-16,доставлен,22:46:00,23:00:00,"Москва, улица Гиляровского, 47с1",Упаковка,Услуги Груши,15,15,0,1,15
231018-166-4115,2023-10-18,доставлен,23:10:00,23:27:00,"Москва, улица Гиляровского, 47с1",Вафельная трубочка со сгущёнкой Братья Караваевы,Сладости,229,229,0,1,229
231018-166-4115,2023-10-18,доставлен,23:10:00,23:27:00,"Москва, улица Гиляровского, 47с1",Чипсы Lay's Из Печи Сметана и ароматные травы,Снеки,109,109,0,1,109
231018-166-4115,2023-10-18,доставлен,23:10:00,23:27:00,"Москва, улица Гиляровского, 47с1",Доставка,Услуги Груши,0,0,0,1,0
231020-054-9821,2023-10-20,доставлен,22:46:00,23:04:00,"Москва, улица Гиляровского, 47с1",Роллы Филадельфия Из Груши,Готовая еда,549,549,0,1,549
231020-054-9821,2023-10-20,доставлен,22:46:00,23:04:00,"Москва, улица Гиляровского, 47с1",Попкорн Holy Corn нежный сыр,Снеки,89,89,0,1,89
231020-054-9821,2023-10-20,доставлен,22:46:00,23:04:00,"Москва, улица Гиляровского, 47с1",Творог зернёный 5% Савушкин,База,69,69,0,1,69
231020-054-9821,2023-10-20,доставлен,22:46:00,23:04:00,"Москва, улица Гиляровского, 47с1","Суп с куриными фрикадельками, с пастой Алфавит Азбука Вкуса",Готовая еда,289,229,60,1,229
231020-054-9821,2023-10-20,доставлен,22:46:00,23:04:00,"Москва, улица Гиляровского, 47с1",Доставка,Услуги Груши,0,0,0,1,0
231024-419-0020,2023-10-24,доставлен,21:17:00,21:34:00,"Москва, улица Гиляровского, 47с1",Картошка Братья Караваевы,Сладости,259,259,0,1,259
231024-419-0020,2023-10-24,доставлен,21:17:00,21:34:00,"Москва, улица Гиляровского, 47с1",Доставка,Услуги Груши,99,99,0,1,99
231024-425-9280,2023-10-24,доставлен,21:59:00,22:29:00,"Москва, улица Гиляровского, 47с1",Квас Очаковский,Напитки,99,89,10,2,178
231024-425-9280,2023-10-24,доставлен,21:59:00,22:29:00,"Москва, улица Гиляровского, 47с1",Доставка,Услуги Груши,49,49,0,1,49
231027-998-7448,2023-10-27,доставлен,23:05:00,23:17:00,"Москва, улица Гиляровского, 47с1",Котлеты куриные на пару Азбука вкуса,Готовая еда,209,209,0,1,209
231027-998-7448,2023-10-27,доставлен,23:05:00,23:17:00,"Москва, улица Гиляровского, 47с1",Доставка,Услуги Груши,0,0,0,1,0
231031-928-4288,2023-10-31,доставлен,22:18:00,22:26:00,"Москва, улица Гиляровского, 47с1",Помидоры черри на ветке,Овощи,289,289,0,1,289
231031-928-4288,2023-10-31,доставлен,22:18:00,22:26:00,"Москва, улица Гиляровского, 47с1",Доставка,Услуги Груши,0,0,0,1,0
231031-272-7656,2023-10-31,доставлен,22:20:00,22:33:00,"Москва, улица Гиляровского, 47с1",Завиток с корицей Братья Караваевы,Сладости,129,129,0,1,129
231031-272-7656,2023-10-31,доставлен,22:20:00,22:33:00,"Москва, улица Гиляровского, 47с1",Батончик Snickers лесной орех,Сладости,119,119,0,3,357
231031-272-7656,2023-10-31,доставлен,22:20:00,22:33:00,"Москва, улица Гиляровского, 47с1",Доставка,Услуги Груши,99,99,0,1,99
231110-271-5229,2023-11-10,доставлен,23:35:00,23:51:00,"Москва, улица Гиляровского, 47с1",Блинчики с начинкой с манго и кокосовым кремом Азбука вкуса,Готовая еда,249,249,0,1,249
231110-271-5229,2023-11-10,доставлен,23:35:00,23:51:00,"Москва, улица Гиляровского, 47с1",Доставка,Услуги Груши,99,99,0,1,99
231111-370-8169,2023-11-11,доставлен,23:11:00,23:29:00,"Москва, улица Гиляровского, 47с1","Масло сливочное 82,5% Из Груши",База,179,179,0,1,179
231111-370-8169,2023-11-11,доставлен,23:11:00,23:29:00,"Москва, улица Гиляровского, 47с1","Шоколад молочный Ritter Sport с ромом, изюмом и орехом",Сладости,159,159,0,3,477
231111-370-8169,2023-11-11,доставлен,23:11:00,23:29:00,"Москва, улица Гиляровского, 47с1",Доставка,Услуги Груши,0,0,0,1,0
231115-711-5676,2023-11-15,доставлен,23:02:00,23:45:00,"Москва, улица Гиляровского, 47с1",Вода Святой источник негазированная,Вода,129,129,0,1,129
231115-711-5676,2023-11-15,доставлен,23:02:00,23:45:00,"Москва, улица Гиляровского, 47с1",Доставка,Услуги Груши,0,0,0,1,0
231115-711-5676,2023-11-15,доставлен,23:02:00,23:45:00,"Москва, улица Гиляровского, 47с1",Упаковка,Услуги Груши,15,15,0,1,15
231120-956-2066,2023-11-20,отменен,23:15:00,,"Москва, улица Гиляровского, 47с1",Чипсы Pringles сметана-лук,Снеки,319,319,0,2,638
231120-956-2066,2023-11-20,отменен,23:15:00,,"Москва, улица Гиляровского, 47с1","Напиток овсяный Nemoloko 3,2% классический",Напитки,149,149,0,2,298
231120-956-2066,2023-11-20,отменен,23:15:00,,"Москва, улица Гиляровского, 47с1",Батарейки алкалиновые GP Ultra Alkaline ААА,Товары для дома,199,199,0,1,199
231120-956-2066,2023-11-20,отменен,23:15:00,,"Москва, улица Гиляровского, 47с1",Сыр Пармезан Из Груши тёртый 40%,База,329,329,0,2,658
231120-956-2066,2023-11-20,отменен,23:15:00,,"Москва, улица Гиляровского, 47с1",Хачапури по-аджарски Из Груши,Готовая еда,289,289,0,1,289
231120-956-2066,2023-11-20,отменен,23:15:00,,"Москва, улица Гиляровского, 47с1",Доставка,Услуги Груши,0,0,0,1,0
231120-682-6311,2023-11-20,доставлен,23:58:00,00:25:00,"Москва, улица Гиляровского, 47с1",Сэндвич на зерновом хлебе с куриным филе и сливочным карри,Готовая еда,249,249,0,1,249
231120-682-6311,2023-11-20,доставлен,23:58:00,00:25:00,"Москва, улица Гиляровского, 47с1",Пирог с картофелем и сыром Рамонти Пайз,Готовая еда,159,159,0,1,159
231120-682-6311,2023-11-20,доставлен,23:58:00,00:25:00,"Москва, улица Гиляровского, 47с1",Доставка,Услуги Груши,79,79,0,1,79
231202-121-2128,2023-12-02,доставлен,22:29:00,22:45:00,"Москва, улица Гиляровского, 47с1",Сок апельсиновый Из Груши прямой отжим с мякотью пастеризованный,Напитки,639,639,0,1,639
231202-121-2128,2023-12-02,доставлен,22:29:00,22:45:00,"Москва, улица Гиляровского, 47с1",Напиток соевый Alpro банановый,Напитки,349,349,0,1,349
231202-121-2128,2023-12-02,доставлен,22:29:00,22:45:00,"Москва, улица Гиляровского, 47с1",Доставка,Услуги Груши,99,99,0,1,99
231202-121-2128,2023-12-02,доставлен,22:29:00,22:45:00,"Москва, улица Гиляровского, 47с1",Упаковка,Услуги Груши,15,15,0,1,15
231208-930-2748,2023-12-08,доставлен,21:11:00,21:22:00,"Москва, улица Гиляровского, 47с1",Чипсы Lay's Из Печи Лисички в сметане,Снеки,109,109,0,2,218
231208-930-2748,2023-12-08,доставлен,21:11:00,21:22:00,"Москва, улица Гиляровского, 47с1",Доставка,Услуги Груши,99,99,0,1,99
231210-152-1037,2023-12-10,доставлен,20:33:00,20:48:00,"Москва, улица Гиляровского, 47с1","Напиток соевый Alpro Banana банановый 0,9%",Напитки,269,269,0,2,538
231210-152-1037,2023-12-10,доставлен,20:33:00,20:48:00,"Москва, улица Гиляровского, 47с1",Взбитые сливки 17% Альпенгурт Классик,Сладости,299,299,0,1,299
231210-152-1037,2023-12-10,доставлен,20:33:00,20:48:00,"Москва, улица Гиляровского, 47с1",Спелые бананы,Фрукты,229,229,0,1,229
231210-152-1037,2023-12-10,доставлен,20:33:00,20:48:00,"Москва, улица Гиляровского, 47с1","Напиток овсяный Nemoloko шоколадный 3,2%",Напитки,59,59,0,1,59
231210-152-1037,2023-12-10,доставлен,20:33:00,20:48:00,"Москва, улица Гиляровского, 47с1",Хлебцы гречневые Dr. Korner,Снеки,89,89,0,1,89
231210-152-1037,2023-12-10,доставлен,20:33:00,20:48:00,"Москва, улица Гиляровского, 47с1",Доставка,Услуги Груши,49,49,0,1,49
231210-152-1037,2023-12-10,доставлен,20:33:00,20:48:00,"Москва, улица Гиляровского, 47с1",Упаковка,Услуги Груши,15,15,0,1,15
231211-294-9089,2023-12-11,доставлен,19:58:00,20:30:00,"Москва, улица Гиляровского, 47с1",Салат сырный Азбука вкуса,Готовая еда,419,419,0,1,419
231211-294-9089,2023-12-11,доставлен,19:58:00,20:30:00,"Москва, улица Гиляровского, 47с1",Грейпфрут крупный,Фрукты,209,209,0,1,209
231211-294-9089,2023-12-11,доставлен,19:58:00,20:30:00,"Москва, улица Гиляровского, 47с1",Ромовая баба глазированная шоколадной помадкой Из Груши,Сладости,159,159,0,1,159
231211-294-9089,2023-12-11,доставлен,19:58:00,20:30:00,"Москва, улица Гиляровского, 47с1",Печенье Творожные ушки Братья Караваевы,Сладости,349,349,0,1,349
231211-294-9089,2023-12-11,доставлен,19:58:00,20:30:00,"Москва, улица Гиляровского, 47с1",Доставка,Услуги Груши,99,99,0,1,99
231214-410-8627,2023-12-14,доставлен,22:48:00,23:00:00,"Москва, улица Гиляровского, 47с1","Масло сливочное 82,5% Из Груши",База,179,179,0,2,358
231214-410-8627,2023-12-14,доставлен,22:48:00,23:00:00,"Москва, улица Гиляровского, 47с1",Батончик шоколадный Bounty,Сладости,59,49,10,1,49
231214-410-8627,2023-12-14,доставлен,22:48:00,23:00:00,"Москва, улица Гиляровского, 47с1",Орехи кешью жареные Из Груши,Снеки,379,379,0,1,379
231214-410-8627,2023-12-14,доставлен,22:48:00,23:00:00,"Москва, улица Гиляровского, 47с1",Доставка,Услуги Груши,79,79,0,1,79
231219-827-2690,2023-12-19,отменен,19:42:00,,"Москва, улица Гиляровского, 47с1",Батончик шоколадный Bounty Trio,Сладости,109,109,0,1,109
231219-827-2690,2023-12-19,отменен,19:42:00,,"Москва, улица Гиляровского, 47с1",Парацетамол таблетки 500 мг 20 шт,Аптека,89,89,0,1,89
231219-827-2690,2023-12-19,отменен,19:42:00,,"Москва, улица Гиляровского, 47с1",Доставка,Услуги Груши,0,0,0,1,0
231219-327-7951,2023-12-19,доставлен,23:58:00,00:12:00,"Москва, улица Гиляровского, 47с1",Вода Святой источник негазированная,Вода,129,129,0,3,387
231219-327-7951,2023-12-19,доставлен,23:58:00,00:12:00,"Москва, улица Гиляровского, 47с1",Доставка,Услуги Груши,0,0,0,1,0
231226-731-0431,2023-12-26,доставлен,22:52:00,00:12:00,"Москва, улица Гиляровского, 47с1",Кулич пасхальный с изюмом,Сладости,319,319,0,2,638
231226-731-0431,2023-12-26,доставлен,22:52:00,00:12:00,"Москва, улица Гиляровского, 47с1",Вода минеральная лечебно-столовая Borjomi газированная,Вода,149,149,0,1,149
231226-731-0431,2023-12-26,доставлен,22:52:00,00:12:00,"Москва, улица Гиляровского, 47с1",Доставка,Услуги Груши,0,0,0,1,0
231226-731-0431,2023-12-26,доставлен,22:52:00,00:12:00,"Москва, улица Гиляровского, 47с1",Упаковка,Услуги Груши,15,15,0,1,15
231227-834-5111,2023-12-27,доставлен,21:33:00,21:59:00,"Москва, улица Гиляровского, 47с1","Напиток овсяный Nemoloko 3,2% классический",Напитки,149,149,0,1,149
231227-834-5111,2023-12-27,доставлен,21:33:00,21:59:00,"Москва, улица Гиляровского, 47с1",Помидоры розовые Эко-культура круглые,Овощи,199,199,0,1,199
231227-834-5111,2023-12-27,доставлен,21:33:00,21:59:00,"Москва, улица Гиляровского, 47с1",Доставка,Услуги Груши,79,79,0,1,79
231227-562-0091,2023-12-27,доставлен,23:28:00,23:44:00,"Москва, улица Гиляровского, 47с1",Батончик шоколадный Milky Way 1+1,Сладости,59,49,10,1,49
231227-562-0091,2023-12-27,доставлен,23:28:00,23:44:00,"Москва, улица Гиляровского, 47с1",Чипсы креветочные Nongshim острые,Снеки,149,149,0,1,149
231227-562-0091,2023-12-27,доставлен,23:28:00,23:44:00,"Москва, улица Гиляровского, 47с1","Шоколад молочный Ritter Sport с ромом, изюмом и орехом",Сладости,159,159,0,2,318
231227-562-0091,2023-12-27,доставлен,23:28:00,23:44:00,"Москва, улица Гиляровского, 47с1",Сырок глазированный Из Груши ванильный в бельгийском шоколаде,Сладости,169,169,0,1,169
231227-562-0091,2023-12-27,доставлен,23:28:00,23:44:00,"Москва, улица Гиляровского, 47с1",Доставка,Услуги Груши,119,119,0,1,119
231227-562-0091,2023-12-27,доставлен,23:28:00,23:44:00,"Москва, улица Гиляровского, 47с1",Упаковка,Услуги Груши,15,15,0,1,15
231229-860-2291,2023-12-29,доставлен,21:04:00,21:16:00,"Москва, улица Гиляровского, 47с1",Булка бездрожжевая со злаками,База,149,149,0,1,149
231229-860-2291,2023-12-29,доставлен,21:04:00,21:16:00,"Москва, улица Гиляровского, 47с1",Сок апельсиновый Из Груши прямой отжим с мякотью пастеризованный,Напитки,639,639,0,1,639
231229-860-2291,2023-12-29,доставлен,21:04:00,21:16:00,"Москва, улица Гиляровского, 47с1",Сосиска в тесте Cook Chart Bakery,Готовая еда,119,119,0,1,119
231229-860-2291,2023-12-29,доставлен,21:04:00,21:16:00,"Москва, улица Гиляровского, 47с1",Сухари Семейка Озби в сахаре с изюмом,Снеки,289,289,0,1,289
231229-860-2291,2023-12-29,доставлен,21:04:00,21:16:00,"Москва, улица Гиляровского, 47с1",Вода минеральная Псыж лечебно-столовая газированная,Вода,59,59,0,1,59
231229-860-2291,2023-12-29,доставлен,21:04:00,21:16:00,"Москва, улица Гиляровского, 47с1",Средство для мытья посуды Fairy лимон,Товары для дома,279,209,70,1,209
231229-860-2291,2023-12-29,доставлен,21:04:00,21:16:00,"Москва, улица Гиляровского, 47с1","Шоколад молочный Ritter Sport с ромом, изюмом и орехом",Сладости,159,159,0,1,159
231229-860-2291,2023-12-29,доставлен,21:04:00,21:16:00,"Москва, улица Гиляровского, 47с1",Чипсы Lay's с солью,Снеки,69,69,0,1,69
231229-860-2291,2023-12-29,доставлен,21:04:00,21:16:00,"Москва, улица Гиляровского, 47с1",Доставка,Услуги Груши,49,49,0,1,49
231231-508-7672,2023-12-31,доставлен,18:50:00,19:06:00,"Москва, улица Гиляровского, 47с1",Клей-гель супер моментальный Секунда,Товары для дома,79,79,0,1,79
231231-508-7672,2023-12-31,доставлен,18:50:00,19:06:00,"Москва, улица Гиляровского, 47с1",Чипсы Pringles Paprika с паприкой,Снеки,159,159,0,1,159
231231-508-7672,2023-12-31,доставлен,18:50:00,19:06:00,"Москва, улица Гиляровского, 47с1",Батарейки Kodak Max Super Alkaline AA,Товары для дома,509,509,0,1,509
231231-508-7672,2023-12-31,доставлен,18:50:00,19:06:00,"Москва, улица Гиляровского, 47с1",Лимон,Фрукты,29,29,0,1,29
231231-508-7672,2023-12-31,доставлен,18:50:00,19:06:00,"Москва, улица Гиляровского, 47с1",Пельмени с фермерской индейкой Из Груши,Готовая еда,399,399,0,1,399
231231-508-7672,2023-12-31,доставлен,18:50:00,19:06:00,"Москва, улица Гиляровского, 47с1",Доставка,Услуги Груши,0,0,0,1,0
240106-080-9853,2024-01-06,доставлен,21:21:00,23:14:00,"Москва, улица Гиляровского, 47с1",Сок грейпфрутовый Из Груши прямого отжима,Напитки,429,429,0,1,429
240106-080-9853,2024-01-06,доставлен,21:21:00,23:14:00,"Москва, улица Гиляровского, 47с1",Доставка,Услуги Груши,0,0,0,1,0
240106-179-4382,2024-01-06,доставлен,21:35:00,21:43:00,"Москва, улица Гиляровского, 47с1",Суп-пюре сырный с креветками Азбука вкуса,Готовая еда,299,239,60,1,239
240106-179-4382,2024-01-06,доставлен,21:35:00,21:43:00,"Москва, улица Гиляровского, 47с1",Печенье Орешек со сгущёнкой Братья Караваевы,Сладости,439,439,0,1,439
240106-179-4382,2024-01-06,доставлен,21:35:00,21:43:00,"Москва, улица Гиляровского, 47с1",Доставка,Услуги Груши,0,0,0,1,0
240106-179-4382,2024-01-06,доставлен,21:35:00,21:43:00,"Москва, улица Гиляровского, 47с1",Упаковка,Услуги Груши,15,15,0,1,15
240113-904-5723,2024-01-13,доставлен,20:35:00,20:54:00,"Москва, улица Гиляровского, 47с1",Соус томатный Napoletana Barilla с овощами,База,399,399,0,1,399
240113-904-5723,2024-01-13,доставлен,20:35:00,20:54:00,"Москва, улица Гиляровского, 47с1",Сок грейпфрутовый Из Груши прямого отжима,Напитки,429,429,0,1,429
240113-904-5723,2024-01-13,доставлен,20:35:00,20:54:00,"Москва, улица Гиляровского, 47с1",Чипсы Lay's Из Печи Лисички в сметане,Снеки,119,119,0,1,119
240113-904-5723,2024-01-13,доставлен,20:35:00,20:54:00,"Москва, улица Гиляровского, 47с1",Сэндвич Гриль чиз Mates,Готовая еда,299,299,0,2,598
240113-904-5723,2024-01-13,доставлен,20:35:00,20:54:00,"Москва, улица Гиляровского, 47с1",Доставка,Услуги Груши,0,0,0,1,0
240113-904-5723,2024-01-13,доставлен,20:35:00,20:54:00,"Москва, улица Гиляровского, 47с1",Упаковка,Услуги Груши,15,15,0,1,15
240115-274-5055,2024-01-15,доставлен,23:14:00,23:57:00,"Москва, улица Гиляровского, 47с1","Масло сливочное 82,5% Из Груши",База,169,169,0,1,169
240115-274-5055,2024-01-15,доставлен,23:14:00,23:57:00,"Москва, улица Гиляровского, 47с1",Салат Крабовый Азбука вкуса,Готовая еда,209,209,0,1,209
240115-274-5055,2024-01-15,доставлен,23:14:00,23:57:00,"Москва, улица Гиляровского, 47с1",Батончик шоколадный Cadbury Wispa,Сладости,79,79,0,1,79
240115-274-5055,2024-01-15,доставлен,23:14:00,23:57:00,"Москва, улица Гиляровского, 47с1",Сосиска в тесте Cook Chart Bakery,Готовая еда,119,119,0,2,238
240115-274-5055,2024-01-15,доставлен,23:14:00,23:57:00,"Москва, улица Гиляровского, 47с1",Доставка,Услуги Груши,0,0,0,1,0
240118-910-8605,2024-01-18,доставлен,21:29:00,22:06:00,"Москва, улица Гиляровского, 47с1",Ромовая баба глазированная шоколадной помадкой Из Груши,Сладости,169,169,0,1,169
240118-910-8605,2024-01-18,доставлен,21:29:00,22:06:00,"Москва, улица Гиляровского, 47с1",Шаурма с курицей Из Груши,Готовая еда,569,569,0,1,569
240118-910-8605,2024-01-18,доставлен,21:29:00,22:06:00,"Москва, улица Гиляровского, 47с1",Доставка,Услуги Груши,79,79,0,1,79
240123-694-8759,2024-01-23,доставлен,21:38:00,21:55:00,"Москва, улица Гиляровского, 47с1",Вода Святой источник негазированная,Вода,99,99,0,1,99
240123-694-8759,2024-01-23,доставлен,21:38:00,21:55:00,"Москва, улица Гиляровского, 47с1",Доставка,Услуги Груши,0,0,0,1,0
240124-927-3704,2024-01-24,доставлен,21:55:00,22:04:00,"Москва, улица Гиляровского, 47с1",Начос кукурузные Delicados,Снеки,249,249,0,1,249
240124-927-3704,2024-01-24,доставлен,21:55:00,22:04:00,"Москва, улица Гиляровского, 47с1",Доставка,Услуги Груши,0,0,0,1,0
240130-415-9531,2024-01-30,доставлен,22:23:00,22:46:00,"Москва, улица Гиляровского, 47с1",Батончик шоколадный Twix,Сладости,69,69,0,1,69
240130-415-9531,2024-01-30,доставлен,22:23:00,22:46:00,"Москва, улица Гиляровского, 47с1",Печенье овсяное Из Груши,Сладости,119,119,0,1,119
240130-415-9531,2024-01-30,доставлен,22:23:00,22:46:00,"Москва, улица Гиляровского, 47с1",Доставка,Услуги Груши,0,0,0,1,0
240131-170-2659,2024-01-31,доставлен,20:58:00,21:20:00,"Москва, улица Гиляровского, 47с1",Морс клюквенный Из Груши,Напитки,209,209,0,1,209
240131-170-2659,2024-01-31,доставлен,20:58:00,21:20:00,"Москва, улица Гиляровского, 47с1",Суп-пюре сырный с креветками Азбука вкуса,Готовая еда,299,299,0,2,598
240131-170-2659,2024-01-31,доставлен,20:58:00,21:20:00,"Москва, улица Гиляровского, 47с1",Батончики шоколадные Snickers Minis,Сладости,269,209,60,1,209
240131-170-2659,2024-01-31,доставлен,20:58:00,21:20:00,"Москва, улица Гиляровского, 47с1",Доставка,Услуги Груши,0,0,0,1,0
240131-170-2659,2024-01-31,доставлен,20:58:00,21:20:00,"Москва, улица Гиляровского, 47с1",Упаковка,Услуги Груши,15,15,0,1,15
240201-669-0459,2024-02-01,доставлен,20:57:00,21:03:00,"Москва, улица Гиляровского, 47с1",Начос кукурузные Delicados,Снеки,249,249,0,1,249
240201-669-0459,2024-02-01,доставлен,20:57:00,21:03:00,"Москва, улица Гиляровского, 47с1",Борщ с говядиной Азбука Вкуса,Готовая еда,569,569,0,2,1138
240201-669-0459,2024-02-01,доставлен,20:57:00,21:03:00,"Москва, улица Гиляровского, 47с1",Вода минеральная Evian негазированная,Вода,439,319,120,1,319
240201-669-0459,2024-02-01,доставлен,20:57:00,21:03:00,"Москва, улица Гиляровского, 47с1",Доставка,Услуги Груши,0,0,0,1,0
240208-691-1942,2024-02-08,доставлен,23:58:00,00:37:00,"Москва, улица Гиляровского, 47с1",Чипсы Pringles паприка,Снеки,349,349,0,1,349
240208-691-1942,2024-02-08,доставлен,23:58:00,00:37:00,"Москва, улица Гиляровского, 47с1",Чипсы Lay's краб,Снеки,139,139,0,2,278
240208-691-1942,2024-02-08,доставлен,23:58:00,00:37:00,"Москва, улица Гиляровского, 47с1",Попкорн Holy Corn морская соль,Снеки,189,139,50,1,139
240208-691-1942,2024-02-08,доставлен,23:58:00,00:37:00,"Москва, улица Гиляровского, 47с1",Сок апельсиновый Из Груши прямой отжим с мякотью пастеризованный,Напитки,639,639,0,1,639
240208-691-1942,2024-02-08,доставлен,23:58:00,00:37:00,"Москва, улица Гиляровского, 47с1",Доставка,Услуги Груши,0,0,0,1,0
240208-691-1942,2024-02-08,доставлен,23:58:00,00:37:00,"Москва, улица Гиляровского, 47с1",Упаковка,Услуги Груши,15,15,0,1,15
240210-279-3984,2024-02-10,доставлен,22:33:00,22:59:00,"Москва, улица Гиляровского, 47с1",Рис Басмати отварной Азбука Вкуса,Готовая еда,149,149,0,1,149
240210-279-3984,2024-02-10,доставлен,22:33:00,22:59:00,"Москва, улица Гиляровского, 47с1",Вареники с картофелем и грибами Из Груши,Готовая еда,439,439,0,1,439
240210-279-3984,2024-02-10,доставлен,22:33:00,22:59:00,"Москва, улица Гиляровского, 47с1",Напиток соевый Alpro банановый,Напитки,379,379,0,1,379
240210-279-3984,2024-02-10,доставлен,22:33:00,22:59:00,"Москва, улица Гиляровского, 47с1",Котлеты из курицы с картофельным пюре большая порция Из Груши,Готовая еда,869,869,0,1,869
240210-279-3984,2024-02-10,доставлен,22:33:00,22:59:00,"Москва, улица Гиляровского, 47с1",Боул с цыплёнком тандури Soul in the Bowl,Готовая еда,259,259,0,1,259
240210-279-3984,2024-02-10,доставлен,22:33:00,22:59:00,"Москва, улица Гиляровского, 47с1",Доставка,Услуги Груши,79,79,0,1,79
240216-287-6645,2024-02-16,доставлен,22:40:00,22:56:00,"Москва, улица Гиляровского, 47с1","Масло сливочное 82,5% Из Груши",База,169,169,0,1,169
240216-287-6645,2024-02-16,доставлен,22:40:00,22:56:00,"Москва, улица Гиляровского, 47с1",Салат Крабовый Азбука вкуса,Готовая еда,209,209,0,1,209
240216-287-6645,2024-02-16,доставлен,22:40:00,22:56:00,"Москва, улица Гиляровского, 47с1",Чипсы креветочные Nongshim острые,Снеки,179,179,0,1,179
240216-287-6645,2024-02-16,доставлен,22:40:00,22:56:00,"Москва, улица Гиляровского, 47с1",Доставка,Услуги Груши,49,49,0,1,49
240216-287-6645,2024-02-16,доставлен,22:40:00,22:56:00,"Москва, улица Гиляровского, 47с1",Упаковка,Услуги Груши,15,15,0,1,15
240219-749-4962,2024-02-19,доставлен,23:37:00,23:55:00,"Москва, улица Гиляровского, 47с1",Эвалар Витамин С таблетки шипучие 1000 мг 20 шт,Аптека,1090,1090,0,1,1090
240219-749-4962,2024-02-19,доставлен,23:37:00,23:55:00,"Москва, улица Гиляровского, 47с1",Кисель Леовит Leo Kids при простуде от 1 года 12 г 5 шт,Аптека,199,199,0,1,199
240219-749-4962,2024-02-19,доставлен,23:37:00,23:55:00,"Москва, улица Гиляровского, 47с1",Попкорн из креветок Нияма,Готовая еда,529,529,0,1,529
240219-749-4962,2024-02-19,доставлен,23:37:00,23:55:00,"Москва, улица Гиляровского, 47с1",Доставка,Услуги Груши,49,49,0,1,49
240222-303-3944,2024-02-22,доставлен,20:03:00,20:22:00,"Москва, улица Гиляровского, 47с1",Вода минеральная Petroglyph негазированная,Вода,149,149,0,2,298
240222-303-3944,2024-02-22,доставлен,20:03:00,20:22:00,"Москва, улица Гиляровского, 47с1",Фриттата с креветками и овощами Из Груши,Готовая еда,289,289,0,2,578
240222-303-3944,2024-02-22,доставлен,20:03:00,20:22:00,"Москва, улица Гиляровского, 47с1",Микстура от кашля для взрослых порошок 1.7 г 1 шт,Аптека,19,19,0,1,19
240222-303-3944,2024-02-22,доставлен,20:03:00,20:22:00,"Москва, улица Гиляровского, 47с1",Попкорн для СВЧ Из Груши с сыром,Снеки,59,59,0,1,59
240222-303-3944,2024-02-22,доставлен,20:03:00,20:22:00,"Москва, улица Гиляровского, 47с1",Доставка,Услуги Груши,0,0,0,1,0
240225-567-2366,2024-02-25,доставлен,22:25:00,22:41:00,"Москва, улица Гиляровского, 47с1",Вода Святой источник негазированная,Вода,99,99,0,1,99
240225-567-2366,2024-02-25,доставлен,22:25:00,22:41:00,"Москва, улица Гиляровского, 47с1",Сэндвич на круассане с индейкой и мандариновым соусом Eggsellent x Груша,Готовая еда,499,499,0,1,499
240225-567-2366,2024-02-25,доставлен,22:25:00,22:41:00,"Москва, улица Гиляровского, 47с1","Напиток функциональный Actimuno гранат 1,5%",Напитки,49,39,10,1,39
240225-567-2366,2024-02-25,доставлен,22:25:00,22:41:00,"Москва, улица Гиляровского, 47с1",Доставка,Услуги Груши,79,79,0,1,79
240228-967-0723,2024-02-28,доставлен,23:44:00,23:52:00,"Москва, улица Гиляровского, 47с1",Шоколад молочный Schogetten с фундуком,Сладости,119,119,0,1,119
240228-967-0723,2024-02-28,доставлен,23:44:00,23:52:00,"Москва, улица Гиляровского, 47с1",Суп том-ям с креветками Азбука Вкуса,Готовая еда,389,389,0,1,389
240228-967-0723,2024-02-28,доставлен,23:44:00,23:52:00,"Москва, улица Гиляровского, 47с1",Запеканка творожная с вишней Азбука Вкуса,Готовая еда,299,299,0,2,598
240228-967-0723,2024-02-28,доставлен,23:44:00,23:52:00,"Москва, улица Гиляровского, 47с1",Английский маффин с беконом и яйцом Mates,Готовая еда,289,289,0,1,289
240228-967-0723,2024-02-28,доставлен,23:44:00,23:52:00,"Москва, улица Гиляровского, 47с1",Сок апельсиновый Из Груши прямой отжим с мякотью пастеризованный,Напитки,639,639,0,1,639
240228-967-0723,2024-02-28,доставлен,23:44:00,23:52:00,"Москва, улица Гиляровского, 47с1",Доставка,Услуги Груши,0,0,0,1,0
240301-510-1742,2024-03-01,доставлен,22:41:00,22:59:00,"Москва, улица Гиляровского, 47с1",Салат Крабовый Азбука вкуса,Готовая еда,209,209,0,1,209
240301-510-1742,2024-03-01,доставлен,22:41:00,22:59:00,"Москва, улица Гиляровского, 47с1",Мармелад жевательный Haribo Goldbaren,Сладости,149,149,0,1,149
240301-510-1742,2024-03-01,доставлен,22:41:00,22:59:00,"Москва, улица Гиляровского, 47с1",Доставка,Услуги Груши,49,49,0,1,49
240301-510-1742,2024-03-01,доставлен,22:41:00,22:59:00,"Москва, улица Гиляровского, 47с1",Упаковка,Услуги Груши,15,15,0,1,15
240301-578-8556,2024-03-01,доставлен,23:21:00,23:34:00,"Москва, улица Гиляровского, 47с1",Хлебцы гречневые Dr. Korner,Снеки,89,89,0,1,89
240301-578-8556,2024-03-01,доставлен,23:21:00,23:34:00,"Москва, улица Гиляровского, 47с1",Батончик Бабаевский с помадно-сливочной начинкой,Сладости,89,89,0,1,89
240301-578-8556,2024-03-01,доставлен,23:21:00,23:34:00,"Москва, улица Гиляровского, 47с1",Доставка,Услуги Груши,0,0,0,1,0
240304-698-0950,2024-03-04,доставлен,18:30:00,18:47:00,"Москва, улица Гиляровского, 47с1",Круассан с миндалём Из Груши,Сладости,179,179,0,3,537
240304-698-0950,2024-03-04,доставлен,18:30:00,18:47:00,"Москва, улица Гиляровского, 47с1",Салат Цезарь с курицей Азбука Вкуса,Готовая еда,349,349,0,1,349
240304-698-0950,2024-03-04,доставлен,18:30:00,18:47:00,"Москва, улица Гиляровского, 47с1",Запеканка творожная с вишней Азбука Вкуса,Готовая еда,299,299,0,1,299
240304-698-0950,2024-03-04,доставлен,18:30:00,18:47:00,"Москва, улица Гиляровского, 47с1",Доставка,Услуги Груши,119,119,0,1,119
240304-698-0950,2024-03-04,доставлен,18:30:00,18:47:00,"Москва, улица Гиляровского, 47с1",Упаковка,Услуги Груши,15,15,0,1,15
240305-725-7013,2024-03-05,доставлен,23:55:00,00:05:00,"Москва, улица Гиляровского, 47с1",Напиток соевый Alpro банановый,Напитки,379,379,0,1,379
240305-725-7013,2024-03-05,доставлен,23:55:00,00:05:00,"Москва, улица Гиляровского, 47с1",Хачапури по-аджарски Из Груши,Готовая еда,289,289,0,1,289
240305-725-7013,2024-03-05,доставлен,23:55:00,00:05:00,"Москва, улица Гиляровского, 47с1",Шоколад молочный Schogetten с фундуком,Сладости,119,119,0,2,238
240305-725-7013,2024-03-05,доставлен,23:55:00,00:05:00,"Москва, улица Гиляровского, 47с1",Пастила яблочная Белёвская,Сладости,589,589,0,1,589
240305-725-7013,2024-03-05,доставлен,23:55:00,00:05:00,"Москва, улица Гиляровского, 47с1",Доставка,Услуги Груши,99,99,0,1,99
240306-889-5227,2024-03-06,доставлен,22:59:00,23:16:00,"Москва, улица Гиляровского, 47с1",Хлебцы гречневые Dr. Korner,Снеки,89,89,0,1,89
240306-889-5227,2024-03-06,доставлен,22:59:00,23:16:00,"Москва, улица Гиляровского, 47с1",Битые огурцы Чихо,Готовая еда,579,579,0,2,1158
240306-889-5227,2024-03-06,доставлен,22:59:00,23:16:00,"Москва, улица Гиляровского, 47с1","Напиток овсяный Nemoloko 3,2% классический",Напитки,149,149,0,3,447
240306-889-5227,2024-03-06,доставлен,22:59:00,23:16:00,"Москва, улица Гиляровского, 47с1","Напиток соевый Alpro Banana банановый 1,8%",Напитки,109,109,0,1,109
240306-889-5227,2024-03-06,доставлен,22:59:00,23:16:00,"Москва, улица Гиляровского, 47с1",Сосиски из куриной грудки Из Груши,База,239,239,0,1,239
240306-889-5227,2024-03-06,доставлен,22:59:00,23:16:00,"Москва, улица Гиляровского, 47с1",Доставка,Услуги Груши,49,49,0,1,49
240306-889-5227,2024-03-06,доставлен,22:59:00,23:16:00,"Москва, улица Гиляровского, 47с1",Упаковка,Услуги Груши,15,15,0,1,15
240309-134-3000,2024-03-09,доставлен,21:39:00,21:48:00,"Москва, улица Гиляровского, 47с1",Лапша рисовая с креветками и овощами Азбука life,Готовая еда,649,649,0,1,649
240309-134-3000,2024-03-09,доставлен,21:39:00,21:48:00,"Москва, улица Гиляровского, 47с1",Рис Басмати отварной Азбука Вкуса,Готовая еда,149,149,0,1,149
240309-134-3000,2024-03-09,доставлен,21:39:00,21:48:00,"Москва, улица Гиляровского, 47с1",Напиток газированный Кола Добрый,Напитки,109,109,0,1,109
240309-134-3000,2024-03-09,доставлен,21:39:00,21:48:00,"Москва, улица Гиляровского, 47с1",Доставка,Услуги Груши,0,0,0,1,0
240309-134-3000,2024-03-09,доставлен,21:39:00,21:48:00,"Москва, улица Гиляровского, 47с1",Упаковка,Услуги Груши,15,15,0,1,15
240311-675-4820,2024-03-11,доставлен,19:40:00,19:51:00,"Москва, улица Гиляровского, 47с1",Шримп ролл с креветками Йуми,Готовая еда,479,479,0,1,479
240311-675-4820,2024-03-11,доставлен,19:40:00,19:51:00,"Москва, улица Гиляровского, 47с1",Хлебцы гречневые Dr. Korner,Снеки,89,89,0,1,89
240311-675-4820,2024-03-11,доставлен,19:40:00,19:51:00,"Москва, улица Гиляровского, 47с1",Доставка,Услуги Груши,0,0,0,1,0
240315-845-6063,2024-03-15,доставлен,22:19:00,22:33:00,"Москва, улица Гиляровского, 47с1",Салат Крабовый Азбука вкуса,Готовая еда,209,209,0,1,209
240315-845-6063,2024-03-15,доставлен,22:19:00,22:33:00,"Москва, улица Гиляровского, 47с1",Попкорн для СВЧ Из Груши с сыром,Снеки,59,39,20,1,39
240315-845-6063,2024-03-15,доставлен,22:19:00,22:33:00,"Москва, улица Гиляровского, 47с1","Напиток функциональный Actimuno гранат 1,5%",Напитки,49,49,0,1,49
240315-845-6063,2024-03-15,доставлен,22:19:00,22:33:00,"Москва, улица Гиляровского, 47с1",Доставка,Услуги Груши,0,0,0,1,0
240319-398-5438,2024-03-19,доставлен,20:49:00,20:57:00,"Москва, улица Гиляровского, 47с1","Масло сливочное 82,5% Из Груши",База,169,169,0,1,169
240319-398-5438,2024-03-19,доставлен,20:49:00,20:57:00,"Москва, улица Гиляровского, 47с1",Котлеты из курицы с картофельным пюре большая порция Из Груши,Готовая еда,869,869,0,1,869
240319-398-5438,2024-03-19,доставлен,20:49:00,20:57:00,"Москва, улица Гиляровского, 47с1",Суп с куриными фрикадельками и пастой Алфавит Азбука вкуса,Готовая еда,129,129,0,2,258
240319-398-5438,2024-03-19,доставлен,20:49:00,20:57:00,"Москва, улица Гиляровского, 47с1",Доставка,Услуги Груши,79,79,0,1,79
240326-723-5268,2024-03-26,доставлен,23:58:00,00:29:00,"Москва, улица Гиляровского, 47с1",Сэндвич на круассане с лососем и муссом из шпината Из Груши,Готовая еда,319,319,0,1,319
240326-723-5268,2024-03-26,доставлен,23:58:00,00:29:00,"Москва, улица Гиляровского, 47с1",Сэндвич на зерновом хлебе с куриным филе и сливочным карри,Готовая еда,249,249,0,1,249
240326-723-5268,2024-03-26,доставлен,23:58:00,00:29:00,"Москва, улица Гиляровского, 47с1",Мармелад жевательный Haribo Goldbaren,Сладости,149,149,0,1,149
240326-723-5268,2024-03-26,доставлен,23:58:00,00:29:00,"Москва, улица Гиляровского, 47с1",Доставка,Услуги Груши,79,79,0,1,79
240326-723-5268,2024-03-26,доставлен,23:58:00,00:29:00,"Москва, улица Гиляровского, 47с1",Упаковка,Услуги Груши,15,15,0,1,15
240329-534-7364,2024-03-29,доставлен,22:48:00,23:17:00,"Москва, улица Гиляровского, 47с1",Вода Святой источник негазированная,Вода,99,99,0,1,99
240329-534-7364,2024-03-29,доставлен,22:48:00,23:17:00,"Москва, улица Гиляровского, 47с1",Доставка,Услуги Груши,0,0,0,1,0
240330-436-3443,2024-03-30,доставлен,20:01:00,20:28:00,"Москва, улица Гиляровского, 47с1",Помидоры сладкие Бархатный мёд,Овощи,2190,2190,0,1,2190
240330-436-3443,2024-03-30,доставлен,20:01:00,20:28:00,"Москва, улица Гиляровского, 47с1",Доставка,Услуги Груши,0,0,0,1,0
240407-481-6567,2024-04-07,доставлен,19:11:00,19:28:00,"Москва, улица Гиляровского, 47с1",Чипсы Pringles паприка,Снеки,349,349,0,1,349
240407-481-6567,2024-04-07,доставлен,19:11:00,19:28:00,"Москва, улица Гиляровского, 47с1",Чипсы Lay's сыр,Снеки,199,199,0,1,199
240407-481-6567,2024-04-07,доставлен,19:11:00,19:28:00,"Москва, улица Гиляровского, 47с1",Пластырь бактерицидный Cosmos 20 шт,Аптека,209,159,50,1,159
240407-481-6567,2024-04-07,доставлен,19:11:00,19:28:00,"Москва, улица Гиляровского, 47с1",Доставка,Услуги Груши,49,49,0,1,49
240407-481-6567,2024-04-07,доставлен,19:11:00,19:28:00,"Москва, улица Гиляровского, 47с1",Упаковка,Услуги Груши,15,15,0,1,15
240407-944-2881,2024-04-07,доставлен,21:26:00,21:39:00,"Москва, улица Гиляровского, 47с1",Кофе холодный латте Из Груши,Напитки,189,189,0,1,189
240407-944-2881,2024-04-07,доставлен,21:26:00,21:39:00,"Москва, улица Гиляровского, 47с1",Батончик шоколадный Cadbury Wispa,Сладости,79,59,20,1,59
240407-944-2881,2024-04-07,доставлен,21:26:00,21:39:00,"Москва, улица Гиляровского, 47с1",Напиток овсяный Nemoloko шоколадный,Напитки,49,49,0,1,49
240407-944-2881,2024-04-07,доставлен,21:26:00,21:39:00,"Москва, улица Гиляровского, 47с1",Доставка,Услуги Груши,0,0,0,1,0
240418-846-7007,2024-04-18,доставлен,18:26:00,18:37:00,"Москва, улица Гиляровского, 47с1",Сухари Семейка Озби в сахаре с изюмом,Снеки,439,439,0,1,439
240418-846-7007,2024-04-18,доставлен,18:26:00,18:37:00,"Москва, улица Гиляровского, 47с1",Попкорн Holy Corn морская соль,Снеки,189,189,0,1,189
240418-846-7007,2024-04-18,доставлен,18:26:00,18:37:00,"Москва, улица Гиляровского, 47с1",Суп-пюре сырный с креветками Азбука вкуса,Готовая еда,299,299,0,1,299
240418-846-7007,2024-04-18,доставлен,18:26:00,18:37:00,"Москва, улица Гиляровского, 47с1",Доставка,Услуги Груши,0,0,0,1,0
240418-846-7007,2024-04-18,доставлен,18:26:00,18:37:00,"Москва, улица Гиляровского, 47с1",Упаковка,Услуги Груши,15,15,0,1,15
240420-222-6149,2024-04-20,отменен,21:15:00,,"Москва, улица Гиляровского, 47с1","Масло сливочное 82,5% Из Груши",База,169,169,0,1,169
240420-222-6149,2024-04-20,отменен,21:15:00,,"Москва, улица Гиляровского, 47с1",Батончик арахисовый Kick в карамельном шоколаде,Сладости,339,249,90,1,249
240420-222-6149,2024-04-20,отменен,21:15:00,,"Москва, улица Гиляровского, 47с1",Доставка,Услуги Груши,0,0,0,1,0
240426-187-4342,2024-04-26,доставлен,20:35:00,20:51:00,"Москва, улица Гиляровского, 47с1",Попкорн Holy Corn морская соль,Снеки,189,189,0,2,378
240426-187-4342,2024-04-26,доставлен,20:35:00,20:51:00,"Москва, улица Гиляровского, 47с1",Салат с крабовыми палочками Из Груши,Готовая еда,259,259,0,1,259
240426-187-4342,2024-04-26,доставлен,20:35:00,20:51:00,"Москва, улица Гиляровского, 47с1",Чипсы креветочные Nongshim острые,Снеки,179,179,0,1,179
240426-187-4342,2024-04-26,доставлен,20:35:00,20:51:00,"Москва, улица Гиляровского, 47с1",Термометр электронный Omron,Аптека,939,939,0,1,939
240426-187-4342,2024-04-26,доставлен,20:35:00,20:51:00,"Москва, улица Гиляровского, 47с1",Клубника свежая Артфрут,Фрукты,1390,1390,0,1,1390
240426-187-4342,2024-04-26,доставлен,20:35:00,20:51:00,"Москва, улица Гиляровского, 47с1",Доставка,Услуги Груши,79,79,0,1,79
240426-187-4342,2024-04-26,доставлен,20:35:00,20:51:00,"Москва, улица Гиляровского, 47с1",Упаковка,Услуги Груши,15,15,0,1,15
240427-166-8968,2024-04-27,доставлен,19:28:00,19:40:00,"Москва, улица Гиляровского, 47с1",Абрикосы,Фрукты,269,269,0,3,807
240427-166-8968,2024-04-27,доставлен,19:28:00,19:40:00,"Москва, улица Гиляровского, 47с1",Грейпфрут,Фрукты,99,99,0,1,99
240427-166-8968,2024-04-27,доставлен,19:28:00,19:40:00,"Москва, улица Гиляровского, 47с1","Напиток соевый Alpro Banana банановый 0,9%",Напитки,299,299,0,2,598
240427-166-8968,2024-04-27,доставлен,19:28:00,19:40:00,"Москва, улица Гиляровского, 47с1",Доставка,Услуги Груши,0,0,0,1,0
240501-697-1661,2024-05-01,доставлен,23:58:00,00:15:00,"Москва, улица Гиляровского, 47с1",Вода Святой источник негазированная,Вода,99,99,0,1,99
240501-697-1661,2024-05-01,доставлен,23:58:00,00:15:00,"Москва, улица Гиляровского, 47с1",Спелые бананы,Фрукты,309,309,0,1,309
240501-697-1661,2024-05-01,доставлен,23:58:00,00:15:00,"Москва, улица Гиляровского, 47с1",Зефир ванильный Шармэль,Сладости,189,189,0,1,189
240501-697-1661,2024-05-01,доставлен,23:58:00,00:15:00,"Москва, улица Гиляровского, 47с1",Батончик Snickers лесной орех,Сладости,119,119,0,1,119
240501-697-1661,2024-05-01,доставлен,23:58:00,00:15:00,"Москва, улица Гиляровского, 47с1",Доставка,Услуги Груши,0,0,0,1,0
240501-697-1661,2024-05-01,доставлен,23:58:00,00:15:00,"Москва, улица Гиляровского, 47с1",Упаковка,Услуги Груши,15,15,0,1,15
240502-937-0824,2024-05-02,отменен,20:56:00,,"Москва, улица Гиляровского, 47с1",Печенье овсяное Овсянки Бейкери с клюквой,Сладости,259,219,40,2,438
240502-937-0824,2024-05-02,отменен,20:56:00,,"Москва, улица Гиляровского, 47с1",Lay's Из печи сыр-зелень,Снеки,139,139,0,1,139
240502-937-0824,2024-05-02,отменен,20:56:00,,"Москва, улица Гиляровского, 47с1",Сухарики Три корочки бекон,Снеки,59,59,0,1,59
240502-937-0824,2024-05-02,отменен,20:56:00,,"Москва, улица Гиляровского, 47с1",Хлебцы гречневые Dr. Korner,Снеки,89,89,0,1,89
240502-937-0824,2024-05-02,отменен,20:56:00,,"Москва, улица Гиляровского, 47с1",Сырок глазированный Из Груши со сгущёнкой в бельгийском шоколаде,Сладости,59,59,0,1,59
240502-937-0824,2024-05-02,отменен,20:56:00,,"Москва, улица Гиляровского, 47с1",Доставка,Услуги Груши,49,49,0,1,49
240503-946-9726,2024-05-03,отменен,20:25:00,,"Москва, улица Гиляровского, 47с1",Шоколад белый пористый Воздушный,Сладости,139,139,0,1,139
240503-946-9726,2024-05-03,отменен,20:25:00,,"Москва, улица Гиляровского, 47с1",Печенье Original Oreo,Сладости,269,269,0,1,269
240503-946-9726,2024-05-03,отменен,20:25:00,,"Москва, улица Гиляровского, 47с1",Чипсы Lay's Из Печи Лисички в сметане,Снеки,119,79,40,1,79
240503-946-9726,2024-05-03,отменен,20:25:00,,"Москва, улица Гиляровского, 47с1",Каша овсяная с ягодами Из Груши,Готовая еда,159,159,0,1,159
240503-946-9726,2024-05-03,отменен,20:25:00,,"Москва, улица Гиляровского, 47с1",Мороженое эскимо Магнат,Сладости,149,149,0,1,149
240503-946-9726,2024-05-03,отменен,20:25:00,,"Москва, улица Гиляровского, 47с1",Доставка,Услуги Груши,0,0,0,1,0
240504-245-1734,2024-05-04,доставлен,20:09:00,20:16:00,"Москва, улица Гиляровского, 47с1",Лимонад Из Груши с соком грейпфрута,Напитки,169,169,0,1,169
240504-245-1734,2024-05-04,доставлен,20:09:00,20:16:00,"Москва, улица Гиляровского, 47с1",Блинчики с творогом Азбука Вкуса,Готовая еда,169,169,0,2,338
240504-245-1734,2024-05-04,доставлен,20:09:00,20:16:00,"Москва, улица Гиляровского, 47с1",Миндаль жареный солёный Из Груши,Снеки,419,419,0,1,419
240504-245-1734,2024-05-04,доставлен,20:09:00,20:16:00,"Москва, улица Гиляровского, 47с1",Картошка Братья Караваевы,Сладости,259,259,0,1,259
240504-245-1734,2024-05-04,доставлен,20:09:00,20:16:00,"Москва, улица Гиляровского, 47с1",Доставка,Услуги Груши,0,0,0,1,0
240522-753-8301,2024-05-22,доставлен,22:23:00,22:29:00,"Москва, улица Гиляровского, 47с1","Масло сливочное 82,5% Из Груши",База,169,169,0,1,169
240522-753-8301,2024-05-22,доставлен,22:23:00,22:29:00,"Москва, улица Гиляровского, 47с1",Чипсы Lay's с солью,Снеки,149,149,0,1,149
240522-753-8301,2024-05-22,доставлен,22:23:00,22:29:00,"Москва, улица Гиляровского, 47с1",Доставка,Услуги Груши,0,0,0,1,0
240522-753-8301,2024-05-22,доставлен,22:23:00,22:29:00,"Москва, улица Гиляровского, 47с1",Упаковка,Услуги Груши,15,15,0,1,15
240523-118-9416,2024-05-23,доставлен,20:57:00,21:21:00,"Москва, улица Гиляровского, 47с1",Печенье овсяное Из Груши,Сладости,119,119,0,1,119
240523-118-9416,2024-05-23,доставлен,20:57:00,21:21:00,"Москва, улица Гиляровского, 47с1",Доставка,Услуги Груши,0,0,0,1,0
240530-800-2696,2024-05-30,доставлен,23:16:00,23:29:00,"Москва, улица Гиляровского, 47с1",Чипсы креветочные Nongshim острые,Снеки,179,179,0,1,179
240530-800-2696,2024-05-30,доставлен,23:16:00,23:29:00,"Москва, улица Гиляровского, 47с1",Чипсы Lay's Из печи Нежный сыр с зеленью,Снеки,129,129,0,1,129
240530-800-2696,2024-05-30,доставлен,23:16:00,23:29:00,"Москва, улица Гиляровского, 47с1",Доставка,Услуги Груши,0,0,0,1,0
240531-963-5738,2024-05-31,доставлен,18:26:00,18:45:00,"Москва, улица Гиляровского, 47с1",Бабагануш с пшеничными лепёшками Chindi Kitchen,Готовая еда,349,259,90,1,259
240531-963-5738,2024-05-31,доставлен,18:26:00,18:45:00,"Москва, улица Гиляровского, 47с1",Петрушка,Овощи,89,89,0,1,89
240531-963-5738,2024-05-31,доставлен,18:26:00,18:45:00,"Москва, улица Гиляровского, 47с1",Сосиска в тесте Cook Chart Bakery,Готовая еда,119,119,0,1,119
240531-963-5738,2024-05-31,доставлен,18:26:00,18:45:00,"Москва, улица Гиляровского, 47с1",Кофе холодный латте Из Груши,Напитки,189,189,0,1,189
240531-963-5738,2024-05-31,доставлен,18:26:00,18:45:00,"Москва, улица Гиляровского, 47с1",Доставка,Услуги Груши,0,0,0,1,0
240531-504-4555,2024-05-31,доставлен,19:32:00,19:46:00,"Москва, улица Гиляровского, 47с1",Смузи манго-маракуйя Из Груши,Напитки,259,259,0,1,259
240531-504-4555,2024-05-31,доставлен,19:32:00,19:46:00,"Москва, улица Гиляровского, 47с1",Чай холодный Из Груши с лимоном,Напитки,129,129,0,3,387
240531-504-4555,2024-05-31,доставлен,19:32:00,19:46:00,"Москва, улица Гиляровского, 47с1",Доставка,Услуги Груши,79,79,0,1,79
240531-504-4555,2024-05-31,доставлен,19:32:00,19:46:00,"Москва, улица Гиляровского, 47с1",Упаковка,Услуги Груши,15,15,0,1,15
240601-091-8064,2024-06-01,доставлен,23:58:00,00:22:00,"Москва, улица Гиляровского, 47с1",Вареники с картофелем и грибами Из Груши,Готовая еда,439,439,0,1,439
240601-091-8064,2024-06-01,доставлен,23:58:00,00:22:00,"Москва, улица Гиляровского, 47с1",Плов с бараниной Азбука Вкуса,Готовая еда,349,349,0,1,349
240601-091-8064,2024-06-01,доставлен,23:58:00,00:22:00,"Москва, улица Гиляровского, 47с1",Доставка,Услуги Груши,79,79,0,1,79
240601-091-8064,2024-06-01,доставлен,23:58:00,00:22:00,"Москва, улица Гиляровского, 47с1",Упаковка,Услуги Груши,15,15,0,1,15
240601-959-7364,2024-06-01,доставлен,23:58:00,00:17:00,"Москва, улица Гиляровского, 47с1",Лимонад Из Груши с соком грейпфрута,Напитки,169,169,0,1,169
240601-959-7364,2024-06-01,доставлен,23:58:00,00:17:00,"Москва, улица Гиляровского, 47с1",Помидоры коктейльные сливовидные на ветке,Овощи,209,209,0,1,209
240601-959-7364,2024-06-01,доставлен,23:58:00,00:17:00,"Москва, улица Гиляровского, 47с1",Квас Очаковский,Напитки,99,99,0,1,99
240601-959-7364,2024-06-01,доставлен,23:58:00,00:17:00,"Москва, улица Гиляровского, 47с1",Доставка,Услуги Груши,0,0,0,1,0
240602-931-6309,2024-06-02,доставлен,21:34:00,21:48:00,"Москва, улица Гиляровского, 47с1",Перец красный,Овощи,179,179,0,1,179
240602-931-6309,2024-06-02,доставлен,21:34:00,21:48:00,"Москва, улица Гиляровского, 47с1",Вода минеральная Ессентуки №4 лечебно-столовая газированная,Вода,199,199,0,1,199
240602-931-6309,2024-06-02,доставлен,21:34:00,21:48:00,"Москва, улица Гиляровского, 47с1",Доставка,Услуги Груши,0,0,0,1,0
240603-694-8772,2024-06-03,доставлен,23:58:00,00:41:00,"Москва, улица Гиляровского, 47с1",Вода Святой источник негазированная,Вода,99,99,0,1,99
240603-694-8772,2024-06-03,доставлен,23:58:00,00:41:00,"Москва, улица Гиляровского, 47с1",Батончик шоколадный Snickers Super,Сладости,89,89,0,1,89
240603-694-8772,2024-06-03,доставлен,23:58:00,00:41:00,"Москва, улица Гиляровского, 47с1",Мороженое эскимо Магнат,Сладости,149,109,40,2,218
240603-694-8772,2024-06-03,доставлен,23:58:00,00:41:00,"Москва, улица Гиляровского, 47с1",Чипсы Lay's Из Печи Сметана и ароматные травы,Снеки,119,119,0,1,119
240603-694-8772,2024-06-03,доставлен,23:58:00,00:41:00,"Москва, улица Гиляровского, 47с1","Абрикосы шалах, Узбекистан",Фрукты,359,359,0,1,359
240603-694-8772,2024-06-03,доставлен,23:58:00,00:41:00,"Москва, улица Гиляровского, 47с1",Доставка,Услуги Груши,99,99,0,1,99
240604-796-6021,2024-06-04,доставлен,21:52:00,22:13:00,"Москва, улица Гиляровского, 47с1",Крок-месье на бриоши с индейкой Eggsellent x Груша,Готовая еда,339,339,0,1,339
240604-796-6021,2024-06-04,доставлен,21:52:00,22:13:00,"Москва, улица Гиляровского, 47с1",Доставка,Услуги Груши,149,149,0,1,149
240619-453-9159,2024-06-19,доставлен,23:10:00,23:21:00,"Москва, улица Гиляровского, 47с1",Вода Из Груши газированная питьевая,Вода,79,79,0,2,158
240619-453-9159,2024-06-19,доставлен,23:10:00,23:21:00,"Москва, улица Гиляровского, 47с1",Чипсы креветочные Nongshim острые,Снеки,179,179,0,1,179
240619-453-9159,2024-06-19,доставлен,23:10:00,23:21:00,"Москва, улица Гиляровского, 47с1",Сухарики Три корочки бекон,Снеки,59,59,0,1,59
240619-453-9159,2024-06-19,доставлен,23:10:00,23:21:00,"Москва, улица Гиляровского, 47с1",Жареная на воке яичная лапша с креветками Ми Ксао Том Lao Lee,Готовая еда,449,449,0,1,449
240619-453-9159,2024-06-19,доставлен,23:10:00,23:21:00,"Москва, улица Гиляровского, 47с1",Голубцы мясные тушеные в томатно-сливочном соусе Азбука Вкуса,Готовая еда,289,289,0,1,289
240619-453-9159,2024-06-19,доставлен,23:10:00,23:21:00,"Москва, улица Гиляровского, 47с1",Доставка,Услуги Груши,79,79,0,1,79
240626-711-2342,2024-06-26,доставлен,21:20:00,21:40:00,"Москва, улица Гиляровского, 47с1","Масло сливочное 82,5% Из Груши",База,169,169,0,1,169
240626-711-2342,2024-06-26,доставлен,21:20:00,21:40:00,"Москва, улица Гиляровского, 47с1",Шаурма с курицей Из Груши,Готовая еда,569,569,0,1,569
240626-711-2342,2024-06-26,доставлен,21:20:00,21:40:00,"Москва, улица Гиляровского, 47с1",Круассан миндальный Булка,Сладости,229,229,0,1,229
240626-711-2342,2024-06-26,доставлен,21:20:00,21:40:00,"Москва, улица Гиляровского, 47с1",Доставка,Услуги Груши,119,119,0,1,119
240626-711-2342,2024-06-26,доставлен,21:20:00,21:40:00,"Москва, улица Гиляровского, 47с1",Упаковка,Услуги Груши,15,15,0,1,15
240720-574-6356,2024-07-20,доставлен,23:40:00,23:53:00,"Москва, улица Гиляровского, 47с1",Вода Святой источник негазированная,Вода,99,99,0,1,99
240720-574-6356,2024-07-20,доставлен,23:40:00,23:53:00,"Москва, улица Гиляровского, 47с1",Салат Цезарь с курицей Азбука Вкуса,Готовая еда,349,349,0,1,349
240720-574-6356,2024-07-20,доставлен,23:40:00,23:53:00,"Москва, улица Гиляровского, 47с1",Вода Bonaqua негазированная,Вода,69,59,10,2,118
240720-574-6356,2024-07-20,доставлен,23:40:00,23:53:00,"Москва, улица Гиляровского, 47с1",Котлеты куриные на пару Азбука вкуса,Готовая еда,209,209,0,2,418
240720-574-6356,2024-07-20,доставлен,23:40:00,23:53:00,"Москва, улица Гиляровского, 47с1",Доставка,Услуги Груши,0,0,0,1,0
240726-750-1642,2024-07-26,доставлен,22:54:00,23:06:00,"Москва, улица Гиляровского, 47с1",Шницель из курицы со спагетти и кетчупом Из Груши,Готовая еда,289,289,0,1,289
240726-750-1642,2024-07-26,доставлен,22:54:00,23:06:00,"Москва, улица Гиляровского, 47с1",Lay's Из печи томаты и базилик,Снеки,119,119,0,2,238
240726-750-1642,2024-07-26,доставлен,22:54:00,23:06:00,"Москва, улица Гиляровского, 47с1","Напиток соевый Alpro Banana банановый 1,8%",Напитки,109,109,0,2,218
240726-750-1642,2024-07-26,доставлен,22:54:00,23:06:00,"Москва, улица Гиляровского, 47с1",Сок Сады Придонья яблоко-виноград с 6 месяцев без добавления сахара,Напитки,39,39,0,1,39
240726-750-1642,2024-07-26,доставлен,22:54:00,23:06:00,"Москва, улица Гиляровского, 47с1",Доставка,Услуги Груши,0,0,0,1,0
240726-183-7489,2024-07-26,доставлен,23:46:00,23:57:00,"Москва, улица Гиляровского, 47с1",Попкорн Holy Corn нежный сыр,Снеки,89,89,0,1,89
240726-183-7489,2024-07-26,доставлен,23:46:00,23:57:00,"Москва, улица Гиляровского, 47с1",Доставка,Услуги Груши,49,49,0,1,49
240726-332-1924,2024-07-26,доставлен,23:58:00,01:26:00,"Москва, улица Гиляровского, 47с1",Попкорн Holy Corn морская соль,Снеки,189,189,0,1,189
240726-332-1924,2024-07-26,доставлен,23:58:00,01:26:00,"Москва, улица Гиляровского, 47с1",Вода минеральная S.Pellegrino газированная,Вода,299,299,0,1,299
240726-332-1924,2024-07-26,доставлен,23:58:00,01:26:00,"Москва, улица Гиляровского, 47с1",Помидоры коктейльные сливовидные на ветке,Овощи,209,209,0,2,418
240726-332-1924,2024-07-26,доставлен,23:58:00,01:26:00,"Москва, улица Гиляровского, 47с1",Доставка,Услуги Груши,79,79,0,1,79
240801-185-9651,2024-08-01,доставлен,23:29:00,23:45:00,"Москва, улица Гиляровского, 47с1","Масло сливочное 82,5% Из Груши",База,169,149,20,1,149
240801-185-9651,2024-08-01,доставлен,23:29:00,23:45:00,"Москва, улица Гиляровского, 47с1",Вода San Pellegrino газированная,Вода,269,269,0,1,269
240801-185-9651,2024-08-01,доставлен,23:29:00,23:45:00,"Москва, улица Гиляровского, 47с1",Доставка,Услуги Груши,99,99,0,1,99
240810-304-4586,2024-08-10,доставлен,20:37:00,20:57:00,"Москва, улица Гиляровского, 47с1",Торт Медовый Братья Караваевы 2 шт,Сладости,279,279,0,1,279
240810-304-4586,2024-08-10,доставлен,20:37:00,20:57:00,"Москва, улица Гиляровского, 47с1",Сок апельсиновый Из Груши прямой отжим,Напитки,409,339,70,1,339
240810-304-4586,2024-08-10,доставлен,20:37:00,20:57:00,"Москва, улица Гиляровского, 47с1",Чипсы Simply chips сыр пармезан с чесноком и зеленью,Снеки,119,119,0,1,119
240810-304-4586,2024-08-10,доставлен,20:37:00,20:57:00,"Москва, улица Гиляровского, 47с1",Доставка,Услуги Груши,0,0,0,1,0
240811-168-6458,2024-08-11,доставлен,23:58:00,00:09:00,"Москва, улица Гиляровского, 47с1",Каша овсяная с ягодами Из Груши,Готовая еда,159,159,0,1,159
240811-168-6458,2024-08-11,доставлен,23:58:00,00:09:00,"Москва, улица Гиляровского, 47с1",Сухари Семейка Озби в сахаре с изюмом,Снеки,439,439,0,2,878
240811-168-6458,2024-08-11,доставлен,23:58:00,00:09:00,"Москва, улица Гиляровского, 47с1",Батончик шоколадный Из Груши с вафлей,Сладости,279,279,0,1,279
240811-168-6458,2024-08-11,доставлен,23:58:00,00:09:00,"Москва, улица Гиляровского, 47с1",Арбуз,Фрукты,279,279,0,1,279
240811-168-6458,2024-08-11,доставлен,23:58:00,00:09:00,"Москва, улица Гиляровского, 47с1",Доставка,Услуги Груши,0,0,0,1,0
240811-168-6458,2024-08-11,доставлен,23:58:00,00:09:00,"Москва, улица Гиляровского, 47с1",Упаковка,Услуги Груши,15,15,0,1,15
240815-022-1335,2024-08-15,доставлен,23:11:00,23:23:00,"Москва, улица Гиляровского, 47с1",Рулет с ромом и изюмом буше,Сладости,119,119,0,1,119
240815-022-1335,2024-08-15,доставлен,23:11:00,23:23:00,"Москва, улица Гиляровского, 47с1",Кукурузные палочки Holy Corn малина со сливками,Снеки,69,69,0,1,69
240815-022-1335,2024-08-15,доставлен,23:11:00,23:23:00,"Москва, улица Гиляровского, 47с1",Домашний сыр в шпинатном соусе с рисом басмати Палак Панир Chindi Kitchen,Готовая еда,379,379,0,1,379
240815-022-1335,2024-08-15,доставлен,23:11:00,23:23:00,"Москва, улица Гиляровского, 47с1",Сосиска в тесте Cook Chart Bakery,Готовая еда,119,119,0,1,119
240815-022-1335,2024-08-15,доставлен,23:11:00,23:23:00,"Москва, улица Гиляровского, 47с1",Доставка,Услуги Груши,0,0,0,1,0
240815-022-1335,2024-08-15,доставлен,23:11:00,23:23:00,"Москва, улица Гиляровского, 47с1",Упаковка,Услуги Груши,15,15,0,1,15
240817-609-7760,2024-08-17,доставлен,23:58:00,00:28:00,"Москва, улица Гиляровского, 47с1",Напиток кисломолочный Exponenta High-Pro черника-земляника,Напитки,109,109,0,1,109
240817-609-7760,2024-08-17,доставлен,23:58:00,00:28:00,"Москва, улица Гиляровского, 47с1",Сыр Брынза Из Груши Сербская,База,199,199,0,1,199
240817-609-7760,2024-08-17,доставлен,23:58:00,00:28:00,"Москва, улица Гиляровского, 47с1",Улитка с изюмом и заварным кремом Из Груши,Сладости,139,139,0,1,139
240817-609-7760,2024-08-17,доставлен,23:58:00,00:28:00,"Москва, улица Гиляровского, 47с1",Доставка,Услуги Груши,0,0,0,1,0
240821-116-2355,2024-08-21,доставлен,23:36:00,23:45:00,"Москва, улица Гиляровского, 47с1",Чипсы Simply chips сыр пармезан с чесноком и зеленью,Снеки,119,119,0,1,119
240821-116-2355,2024-08-21,доставлен,23:36:00,23:45:00,"Москва, улица Гиляровского, 47с1",Шоколад молочный пористый Milka Bubbles с кокосом,Сладости,129,129,0,1,129
240821-116-2355,2024-08-21,доставлен,23:36:00,23:45:00,"Москва, улица Гиляровского, 47с1",Салат с крабовыми палочками Из Груши,Готовая еда,259,259,0,1,259
240821-116-2355,2024-08-21,доставлен,23:36:00,23:45:00,"Москва, улица Гиляровского, 47с1",Конфеты с суфле Птица дивная Акконд в шоколадной глазури,Сладости,379,379,0,1,379
240821-116-2355,2024-08-21,доставлен,23:36:00,23:45:00,"Москва, улица Гиляровского, 47с1",Доставка,Услуги Груши,119,119,0,1,119
240824-206-0265,2024-08-24,доставлен,21:41:00,21:49:00,"Москва, улица Гиляровского, 47с1",Вода Святой источник негазированная,Вода,99,99,0,4,396
240824-206-0265,2024-08-24,доставлен,21:41:00,21:49:00,"Москва, улица Гиляровского, 47с1",Вода минеральная негазированная Из Груши природная питьевая,Вода,129,129,0,1,129
240824-206-0265,2024-08-24,доставлен,21:41:00,21:49:00,"Москва, улица Гиляровского, 47с1",Салат Оливье Азбука Вкуса,Готовая еда,329,329,0,2,658
240824-206-0265,2024-08-24,доставлен,21:41:00,21:49:00,"Москва, улица Гиляровского, 47с1",Доставка,Услуги Груши,0,0,0,1,0
240829-836-1833,2024-08-29,доставлен,23:58:00,00:06:00,"Москва, улица Гиляровского, 47с1",Сочник с рикоттой Калачёво,Сладости,179,179,0,1,179
240829-836-1833,2024-08-29,доставлен,23:58:00,00:06:00,"Москва, улица Гиляровского, 47с1",Кулич пасхальный с изюмом,Сладости,329,329,0,1,329
240829-836-1833,2024-08-29,доставлен,23:58:00,00:06:00,"Москва, улица Гиляровского, 47с1",Попкорн Holy Corn морская соль,Снеки,189,189,0,2,378
240829-836-1833,2024-08-29,доставлен,23:58:00,00:06:00,"Москва, улица Гиляровского, 47с1",Доставка,Услуги Груши,149,149,0,1,149
240829-836-1833,2024-08-29,доставлен,23:58:00,00:06:00,"Москва, улица Гиляровского, 47с1",Упаковка,Услуги Груши,15,15,0,1,15
240901-038-0191,2024-09-01,доставлен,22:59:00,23:13:00,"Москва, улица Гиляровского, 47с1","Масло сливочное 82,5% Из Груши",База,169,119,50,2,238
240901-038-0191,2024-09-01,доставлен,22:59:00,23:13:00,"Москва, улица Гиляровского, 47с1",Доставка,Услуги Груши,0,0,0,1,0
240902-115-9230,2024-09-02,доставлен,20:35:00,20:56:00,"Москва, улица Гиляровского, 47с1",Хлебцы гречневые Dr. Korner,Снеки,89,89,0,1,89
240902-115-9230,2024-09-02,доставлен,20:35:00,20:56:00,"Москва, улица Гиляровского, 47с1",Батарейки алкалиновые GP Ultra Alkaline ААА,Товары для дома,219,219,0,1,219
240902-115-9230,2024-09-02,доставлен,20:35:00,20:56:00,"Москва, улица Гиляровского, 47с1",Вафельная трубочка со сгущёнкой Братья Караваевы,Сладости,409,409,0,1,409
240902-115-9230,2024-09-02,доставлен,20:35:00,20:56:00,"Москва, улица Гиляровского, 47с1",Доставка,Услуги Груши,0,0,0,1,0
240902-515-8165,2024-09-02,доставлен,23:40:00,23:52:00,"Москва, улица Гиляровского, 47с1",Печенье Original Oreo,Сладости,269,269,0,2,538
240902-515-8165,2024-09-02,доставлен,23:40:00,23:52:00,"Москва, улица Гиляровского, 47с1",Чипсы Lay's сметана и лук рифлёные,Снеки,209,209,0,1,209
240902-515-8165,2024-09-02,доставлен,23:40:00,23:52:00,"Москва, улица Гиляровского, 47с1",Сливки 20% Простоквашино ультрапастеризованные,База,119,119,0,1,119
240902-515-8165,2024-09-02,доставлен,23:40:00,23:52:00,"Москва, улица Гиляровского, 47с1",Доставка,Услуги Груши,149,149,0,1,149
240902-515-8165,2024-09-02,доставлен,23:40:00,23:52:00,"Москва, улица Гиляровского, 47с1",Упаковка,Услуги Груши,15,15,0,1,15
240903-350-1066,2024-09-03,доставлен,22:57:00,23:04:00,"Москва, улица Гиляровского, 47с1",Банан,Фрукты,29,29,0,1,29
240903-350-1066,2024-09-03,доставлен,22:57:00,23:04:00,"Москва, улица Гиляровского, 47с1",Вода минеральная Petroglyph негазированная,Вода,149,149,0,1,149
240903-350-1066,2024-09-03,доставлен,22:57:00,23:04:00,"Москва, улица Гиляровского, 47с1","Напиток соевый Alpro Banana банановый 1,8%",Напитки,109,99,10,1,99
240903-350-1066,2024-09-03,доставлен,22:57:00,23:04:00,"Москва, улица Гиляровского, 47с1",Сок апельсиновый Из Груши прямой отжим,Напитки,409,299,110,1,299
240903-350-1066,2024-09-03,доставлен,22:57:00,23:04:00,"Москва, улица Гиляровского, 47с1",Доставка,Услуги Груши,99,99,0,1,99
240906-681-2413,2024-09-06,доставлен,21:39:00,22:01:00,"Москва, улица Гиляровского, 47с1",Чипсы Lay's сыр,Снеки,199,199,0,1,199
240906-681-2413,2024-09-06,доставлен,21:39:00,22:01:00,"Москва, улица Гиляровского, 47с1","Напиток функциональный Actimuno гранат 1,5%",Напитки,49,39,10,3,117
240906-681-2413,2024-09-06,доставлен,21:39:00,22:01:00,"Москва, улица Гиляровского, 47с1",Рис Басмати отварной Азбука Вкуса,Готовая еда,149,149,0,1,149
240906-681-2413,2024-09-06,доставлен,21:39:00,22:01:00,"Москва, улица Гиляровского, 47с1",Апельсины,Фрукты,129,109,20,1,109
240906-681-2413,2024-09-06,доставлен,21:39:00,22:01:00,"Москва, улица Гиляровского, 47с1",Доставка,Услуги Груши,0,0,0,1,0
240906-681-2413,2024-09-06,доставлен,21:39:00,22:01:00,"Москва, улица Гиляровского, 47с1",Упаковка,Услуги Груши,15,15,0,1,15
240906-777-1661,2024-09-06,доставлен,23:20:00,23:45:00,"Москва, улица Гиляровского, 47с1",Батончик Twix Xtra с карамелью и шоколадом,Сладости,89,89,0,1,89
240906-777-1661,2024-09-06,доставлен,23:20:00,23:45:00,"Москва, улица Гиляровского, 47с1",Чипсы Lay's краб,Снеки,139,109,30,2,218
240906-777-1661,2024-09-06,доставлен,23:20:00,23:45:00,"Москва, улица Гиляровского, 47с1",Ромовая баба глазированная шоколадной помадкой Из Груши,Сладости,169,169,0,1,169
240906-777-1661,2024-09-06,доставлен,23:20:00,23:45:00,"Москва, улица Гиляровского, 47с1",Блинчики с курицей и грибами Азбука Вкуса,Готовая еда,239,239,0,2,478
240906-777-1661,2024-09-06,доставлен,23:20:00,23:45:00,"Москва, улица Гиляровского, 47с1",Доставка,Услуги Груши,0,0,0,1,0
240906-777-1661,2024-09-06,доставлен,23:20:00,23:45:00,"Москва, улица Гиляровского, 47с1",Упаковка,Услуги Груши,15,15,0,1,15
240907-266-5392,2024-09-07,доставлен,22:13:00,22:22:00,"Москва, улица Гиляровского, 47с1",Бекон сырокопчёный Велком нарезка,База,289,289,0,1,289
240907-266-5392,2024-09-07,доставлен,22:13:00,22:22:00,"Москва, улица Гиляровского, 47с1",Мороженое Monterra бельгийский шоколад,Сладости,719,719,0,1,719
240907-266-5392,2024-09-07,доставлен,22:13:00,22:22:00,"Москва, улица Гиляровского, 47с1",Напиток газированный Кола Добрый,Напитки,109,109,0,1,109
240907-266-5392,2024-09-07,доставлен,22:13:00,22:22:00,"Москва, улица Гиляровского, 47с1",Доставка,Услуги Груши,119,119,0,1,119
240914-808-9901,2024-09-14,доставлен,23:03:00,23:20:00,"Москва, улица Гиляровского, 47с1",Пицца Маргарита Из Груши,Готовая еда,749,749,0,1,749
240914-808-9901,2024-09-14,доставлен,23:03:00,23:20:00,"Москва, улица Гиляровского, 47с1",Домашний сыр в шпинатном соусе с рисом басмати Палак Панир Chindi Kitchen,Готовая еда,379,379,0,2,758
240914-808-9901,2024-09-14,доставлен,23:03:00,23:20:00,"Москва, улица Гиляровского, 47с1",Помидоры сладкие Бархатный мёд,Овощи,2190,2190,0,2,4380
240914-808-9901,2024-09-14,доставлен,23:03:00,23:20:00,"Москва, улица Гиляровского, 47с1",Хлебцы гречневые Dr. Korner,Снеки,89,89,0,1,89
240914-808-9901,2024-09-14,доставлен,23:03:00,23:20:00,"Москва, улица Гиляровского, 47с1",Сок апельсиновый Из Груши прямой отжим,Напитки,409,409,0,1,409
240914-808-9901,2024-09-14,доставлен,23:03:00,23:20:00,"Москва, улица Гиляровского, 47с1",Доставка,Услуги Груши,0,0,0,1,0
240914-808-9901,2024-09-14,доставлен,23:03:00,23:20:00,"Москва, улица Гиляровского, 47с1",Упаковка,Услуги Груши,15,15,0,1,15
240914-017-3894,2024-09-14,доставлен,23:49:00,00:02:00,"Москва, улица Гиляровского, 47с1",Сок грейпфрутовый Из Груши прямого отжима,Напитки,429,429,0,1,429
240914-017-3894,2024-09-14,доставлен,23:49:00,00:02:00,"Москва, улица Гиляровского, 47с1",Квас Очаковский,Напитки,99,99,0,1,99
240914-017-3894,2024-09-14,доставлен,23:49:00,00:02:00,"Москва, улица Гиляровского, 47с1",Доставка,Услуги Груши,0,0,0,1,0
240919-777-4445,2024-09-19,доставлен,21:25:00,21:35:00,"Москва, улица Гиляровского, 47с1",Паста Карбонара Азбука Вкуса,Готовая еда,529,529,0,1,529
240919-777-4445,2024-09-19,доставлен,21:25:00,21:35:00,"Москва, улица Гиляровского, 47с1",Доставка,Услуги Груши,99,99,0,1,99
240921-834-2391,2024-09-21,доставлен,21:23:00,21:35:00,"Москва, улица Гиляровского, 47с1",Виноград кишмиш белый,Фрукты,239,239,0,1,239
240921-834-2391,2024-09-21,доставлен,21:23:00,21:35:00,"Москва, улица Гиляровского, 47с1",Завиток с корицей Братья Караваевы,Сладости,139,139,0,1,139
240921-834-2391,2024-09-21,доставлен,21:23:00,21:35:00,"Москва, улица Гиляровского, 47с1",Доставка,Услуги Груши,0,0,0,1,0
240923-265-7506,2024-09-23,доставлен,21:12:00,21:27:00,"Москва, улица Гиляровского, 47с1","Напиток овсяный Nemoloko 3,2% классический",Напитки,149,149,0,1,149
240923-265-7506,2024-09-23,доставлен,21:12:00,21:27:00,"Москва, улица Гиляровского, 47с1",Чипсы Mojno батат сыр чеддер,Снеки,179,179,0,1,179
240923-265-7506,2024-09-23,доставлен,21:12:00,21:27:00,"Москва, улица Гиляровского, 47с1",Курица тандури в сливочно-томатном карри с рисом басмати Чикен Баттер Масала Chindi Kitchen,Готовая еда,919,919,0,1,919
240923-265-7506,2024-09-23,доставлен,21:12:00,21:27:00,"Москва, улица Гиляровского, 47с1",Батончик шоколадный Mars Max,Сладости,89,89,0,1,89
240923-265-7506,2024-09-23,доставлен,21:12:00,21:27:00,"Москва, улица Гиляровского, 47с1",Доставка,Услуги Груши,49,49,0,1,49
240925-554-8448,2024-09-25,доставлен,20:48:00,20:58:00,"Москва, улица Гиляровского, 47с1",Батончик Бабаевский с помадно-сливочной начинкой,Сладости,89,89,0,2,178
240925-554-8448,2024-09-25,доставлен,20:48:00,20:58:00,"Москва, улица Гиляровского, 47с1",Попкорн Holy Corn морская соль,Снеки,189,189,0,1,189
240925-554-8448,2024-09-25,доставлен,20:48:00,20:58:00,"Москва, улица Гиляровского, 47с1",Чипсы Lay's Из печи Нежный сыр с зеленью,Снеки,129,129,0,1,129
240925-554-8448,2024-09-25,доставлен,20:48:00,20:58:00,"Москва, улица Гиляровского, 47с1",Миндаль жареный солёный Из Груши,Снеки,419,419,0,2,838
240925-554-8448,2024-09-25,доставлен,20:48:00,20:58:00,"Москва, улица Гиляровского, 47с1",Доставка,Услуги Груши,99,99,0,1,99
240925-554-8448,2024-09-25,доставлен,20:48:00,20:58:00,"Москва, улица Гиляровского, 47с1",Упаковка,Услуги Груши,15,15,0,1,15
240930-065-2460,2024-09-30,доставлен,23:34:00,23:56:00,"Москва, улица Гиляровского, 47с1",Вода Святой источник негазированная,Вода,99,99,0,1,99
240930-065-2460,2024-09-30,доставлен,23:34:00,23:56:00,"Москва, улица Гиляровского, 47с1",Хлебцы гречневые Dr. Korner,Снеки,89,89,0,1,89
240930-065-2460,2024-09-30,доставлен,23:34:00,23:56:00,"Москва, улица Гиляровского, 47с1",Доставка,Услуги Груши,0,0,0,1,0
240930-065-2460,2024-09-30,доставлен,23:34:00,23:56:00,"Москва, улица Гиляровского, 47с1",Упаковка,Услуги Груши,15,15,0,1,15
241009-955-5104,2024-10-09,доставлен,20:21:00,20:34:00,"Москва, улица Гиляровского, 47с1","Масло сливочное 82,5% Из Груши",База,169,169,0,1,169
241009-955-5104,2024-10-09,доставлен,20:21:00,20:34:00,"Москва, улица Гиляровского, 47с1",Перец микс,Овощи,279,279,0,1,279
241009-955-5104,2024-10-09,доставлен,20:21:00,20:34:00,"Москва, улица Гиляровского, 47с1",Попкорн Holy Corn нежный сыр,Снеки,89,89,0,1,89
241009-955-5104,2024-10-09,доставлен,20:21:00,20:34:00,"Москва, улица Гиляровского, 47с1",Мармелад жевательный Из Груши червяки,Сладости,289,289,0,3,867
241009-955-5104,2024-10-09,доставлен,20:21:00,20:34:00,"Москва, улица Гиляровского, 47с1",Шоколад молочный Alpen Gold фундук-изюм,Сладости,119,119,0,1,119
241009-955-5104,2024-10-09,доставлен,20:21:00,20:34:00,"Москва, улица Гиляровского, 47с1",Батарейки Energizer MAX AA,Товары для дома,219,219,0,1,219
241009-955-5104,2024-10-09,доставлен,20:21:00,20:34:00,"Москва, улица Гиляровского, 47с1",Доставка,Услуги Груши,0,0,0,1,0
241009-955-5104,2024-10-09,доставлен,20:21:00,20:34:00,"Москва, улица Гиляровского, 47с1",Упаковка,Услуги Груши,15,15,0,1,15
241020-314-4002,2024-10-20,отменен,23:17:00,,"Москва, улица Гиляровского, 47с1",Куриная отбивная в кляре с картофельным пюре по-домашнему,Готовая еда,259,259,0,1,259
241020-314-4002,2024-10-20,отменен,23:17:00,,"Москва, улица Гиляровского, 47с1",Доставка,Услуги Груши,119,119,0,1,119
241027-495-9486,2024-10-27,доставлен,22:21:00,22:41:00,"Москва, улица Гиляровского, 47с1",Борщ с говядиной Азбука Вкуса,Готовая еда,569,569,0,2,1138
241027-495-9486,2024-10-27,доставлен,22:21:00,22:41:00,"Москва, улица Гиляровского, 47с1",Чипсы Lay's краб,Снеки,139,139,0,1,139
241027-495-9486,2024-10-27,доставлен,22:21:00,22:41:00,"Москва, улица Гиляровского, 47с1",Батончики шоколадные Twix Minis,Сладости,229,229,0,1,229
241027-495-9486,2024-10-27,доставлен,22:21:00,22:41:00,"Москва, улица Гиляровского, 47с1",Доставка,Услуги Груши,99,99,0,1,99
241027-495-9486,2024-10-27,доставлен,22:21:00,22:41:00,"Москва, улица Гиляровского, 47с1",Упаковка,Услуги Груши,15,15,0,1,15
241029-699-4977,2024-10-29,доставлен,20:25:00,20:36:00,"Москва, улица Гиляровского, 47с1",Семена тыквы очищенные Из Груши,Снеки,179,179,0,1,179
241029-699-4977,2024-10-29,доставлен,20:25:00,20:36:00,"Москва, улица Гиляровского, 47с1",Доставка,Услуги Груши,0,0,0,1,0
241030-294-2779,2024-10-30,доставлен,23:02:00,23:17:00,"Москва, улица Гиляровского, 47с1",Котлеты куриные на пару Азбука вкуса,Готовая еда,209,209,0,1,209
241030-294-2779,2024-10-30,доставлен,23:02:00,23:17:00,"Москва, улица Гиляровского, 47с1",Хлебцы гречневые Dr. Korner,Снеки,89,89,0,1,89
241030-294-2779,2024-10-30,доставлен,23:02:00,23:17:00,"Москва, улица Гиляровского, 47с1",Сухарики Три корочки бекон,Снеки,59,59,0,1,59
241030-294-2779,2024-10-30,доставлен,23:02:00,23:17:00,"Москва, улица Гиляровского, 47с1",Напиток соевый Alpro банановый,Напитки,379,379,0,1,379
241030-294-2779,2024-10-30,доставлен,23:02:00,23:17:00,"Москва, улица Гиляровского, 47с1",Доставка,Услуги Груши,79,79,0,1,79
241110-377-5723,2024-11-10,доставлен,20:40:00,21:03:00,"Москва, улица Гиляровского, 47с1","Масло сливочное 82,5% Из Груши",База,169,169,0,1,169
241110-377-5723,2024-11-10,доставлен,20:40:00,21:03:00,"Москва, улица Гиляровского, 47с1",Вода Святой источник негазированная,Вода,99,99,0,1,99
241110-377-5723,2024-11-10,доставлен,20:40:00,21:03:00,"Москва, улица Гиляровского, 47с1",Попкорн для СВЧ Из Груши с сыром,Снеки,59,59,0,1,59
241110-377-5723,2024-11-10,доставлен,20:40:00,21:03:00,"Москва, улица Гиляровского, 47с1",Доставка,Услуги Груши,0,0,0,1,0
241112-997-5241,2024-11-12,доставлен,21:20:00,21:46:00,"Москва, улица Гиляровского, 47с1",Чипсы креветочные Nongshim острые,Снеки,179,179,0,1,179
241112-997-5241,2024-11-12,доставлен,21:20:00,21:46:00,"Москва, улица Гиляровского, 47с1",Чипсы Mojno батат сыр чеддер,Снеки,179,179,0,1,179
241112-997-5241,2024-11-12,доставлен,21:20:00,21:46:00,"Москва, улица Гиляровского, 47с1",Конфеты с суфле Птица дивная Акконд в шоколадной глазури,Сладости,379,379,0,1,379
241112-997-5241,2024-11-12,доставлен,21:20:00,21:46:00,"Москва, улица Гиляровского, 47с1",Лимонад Из Груши с соком груши и яблока,Напитки,149,119,30,1,119
241112-997-5241,2024-11-12,доставлен,21:20:00,21:46:00,"Москва, улица Гиляровского, 47с1",Сэндвич-ролл с креветками в соусе Том-ям Нияма,Готовая еда,269,239,30,1,239
241112-997-5241,2024-11-12,доставлен,21:20:00,21:46:00,"Москва, улица Гиляровского, 47с1",Доставка,Услуги Груши,499,499,0,1,499
241116-421-1602,2024-11-16,доставлен,21:50:00,21:59:00,"Москва, улица Гиляровского, 47с1",Чипсы Lay's с солью,Снеки,149,149,0,1,149
241116-421-1602,2024-11-16,доставлен,21:50:00,21:59:00,"Москва, улица Гиляровского, 47с1",Вода минеральная Нарзан газированная,Вода,229,229,0,1,229
241116-421-1602,2024-11-16,доставлен,21:50:00,21:59:00,"Москва, улица Гиляровского, 47с1",Доставка,Услуги Груши,99,99,0,1,99
241116-421-1602,2024-11-16,доставлен,21:50:00,21:59:00,"Москва, улица Гиляровского, 47с1",Упаковка,Услуги Груши,15,15,0,1,15
241119-593-7658,2024-11-19,доставлен,19:57:00,20:09:00,"Москва, улица Гиляровского, 47с1",Мороженое пломбир Чистая Линия,Сладости,139,139,0,1,139
241119-593-7658,2024-11-19,доставлен,19:57:00,20:09:00,"Москва, улица Гиляровского, 47с1",Хлебцы гречневые Dr. Korner,Снеки,89,89,0,1,89
241119-593-7658,2024-11-19,доставлен,19:57:00,20:09:00,"Москва, улица Гиляровского, 47с1",Шаурма с курицей Из Груши,Готовая еда,569,569,0,2,1138
241119-593-7658,2024-11-19,доставлен,19:57:00,20:09:00,"Москва, улица Гиляровского, 47с1",Доставка,Услуги Груши,0,0,0,1,0
241120-596-9872,2024-11-20,доставлен,22:05:00,22:26:00,"Москва, улица Гиляровского, 47с1",Кукурузные палочки Holy Corn малина со сливками,Снеки,69,69,0,1,69
241120-596-9872,2024-11-20,доставлен,22:05:00,22:26:00,"Москва, улица Гиляровского, 47с1","Напиток функциональный Actimuno натуральный 1,6%",Напитки,39,39,0,1,39
241120-596-9872,2024-11-20,доставлен,22:05:00,22:26:00,"Москва, улица Гиляровского, 47с1",Чипсы креветочные Nongshim острые,Снеки,179,179,0,1,179
241120-596-9872,2024-11-20,доставлен,22:05:00,22:26:00,"Москва, улица Гиляровского, 47с1",Сосиска в тесте Cook Chart Bakery,Готовая еда,119,119,0,1,119
241120-596-9872,2024-11-20,доставлен,22:05:00,22:26:00,"Москва, улица Гиляровского, 47с1",Доставка,Услуги Груши,0,0,0,1,0
241120-596-9872,2024-11-20,доставлен,22:05:00,22:26:00,"Москва, улица Гиляровского, 47с1",Упаковка,Услуги Груши,15,15,0,1,15
241121-717-7709,2024-11-21,доставлен,22:10:00,23:06:00,"Москва, улица Гиляровского, 47с1",Чипсы креветочные Nongshim острые,Снеки,179,179,0,1,179
241121-717-7709,2024-11-21,доставлен,22:10:00,23:06:00,"Москва, улица Гиляровского, 47с1",Авокадо Хасс,Овощи,499,499,0,1,499
241121-717-7709,2024-11-21,доставлен,22:10:00,23:06:00,"Москва, улица Гиляровского, 47с1",Семечки жареные отборные От Мартина,Снеки,139,119,20,1,119
241121-717-7709,2024-11-21,доставлен,22:10:00,23:06:00,"Москва, улица Гиляровского, 47с1",Доставка,Услуги Груши,79,79,0,1,79
241121-717-7709,2024-11-21,доставлен,22:10:00,23:06:00,"Москва, улица Гиляровского, 47с1",Упаковка,Услуги Груши,15,15,0,1,15
241121-630-8146,2024-11-21,доставлен,23:55:00,00:12:00,"Москва, улица Гиляровского, 47с1",Шримп ролл с креветками Йуми,Готовая еда,479,479,0,1,479
241121-630-8146,2024-11-21,доставлен,23:55:00,00:12:00,"Москва, улица Гиляровского, 47с1",Чай холодный Из Груши с лимоном,Напитки,129,129,0,1,129
241121-630-8146,2024-11-21,доставлен,23:55:00,00:12:00,"Москва, улица Гиляровского, 47с1",Уха с сёмгой Азбука вкуса,Готовая еда,579,579,0,1,579
241121-630-8146,2024-11-21,доставлен,23:55:00,00:12:00,"Москва, улица Гиляровского, 47с1",Попкорн для СВЧ Из Груши с сыром,Снеки,59,49,10,1,49
241121-630-8146,2024-11-21,доставлен,23:55:00,00:12:00,"Москва, улица Гиляровского, 47с1",Доставка,Услуги Груши,79,79,0,1,79
241122-895-9695,2024-11-22,доставлен,20:08:00,20:30:00,"Москва, улица Гиляровского, 47с1",Сок апельсиновый Из Груши прямой отжим с мякотью пастеризованный,Напитки,639,639,0,1,639
241122-895-9695,2024-11-22,доставлен,20:08:00,20:30:00,"Москва, улица Гиляровского, 47с1",Котлеты куриные с картофельным пюре Азбука Вкуса,Готовая еда,319,319,0,1,319
241122-895-9695,2024-11-22,доставлен,20:08:00,20:30:00,"Москва, улица Гиляровского, 47с1",Доставка,Услуги Груши,0,0,0,1,0
241126-192-3890,2024-11-26,доставлен,23:49:00,00:15:00,"Москва, улица Гиляровского, 47с1",Шоколад тёмный Lindt Excellence 70%,Сладости,679,679,0,1,679
241126-192-3890,2024-11-26,доставлен,23:49:00,00:15:00,"Москва, улица Гиляровского, 47с1","Напиток соевый Alpro Banana банановый 0,9%",Напитки,299,209,90,1,209
241126-192-3890,2024-11-26,доставлен,23:49:00,00:15:00,"Москва, улица Гиляровского, 47с1",Доставка,Услуги Груши,49,49,0,1,49
241128-649-5492,2024-11-28,доставлен,22:31:00,23:03:00,"Москва, улица Гиляровского, 47с1",Паста ореховая Nutella с какао,Сладости,759,759,0,1,759
241128-649-5492,2024-11-28,доставлен,22:31:00,23:03:00,"Москва, улица Гиляровского, 47с1",Мармелад жевательный Из Груши червяки,Сладости,289,289,0,1,289
241128-649-5492,2024-11-28,доставлен,22:31:00,23:03:00,"Москва, улица Гиляровского, 47с1",Пельмени с фермерской индейкой Из Груши,Готовая еда,399,399,0,1,399
241128-649-5492,2024-11-28,доставлен,22:31:00,23:03:00,"Москва, улица Гиляровского, 47с1",Сочник с рикоттой Калачёво,Сладости,179,179,0,1,179
241128-649-5492,2024-11-28,доставлен,22:31:00,23:03:00,"Москва, улица Гиляровского, 47с1",Доставка,Услуги Груши,0,0,0,1,0
241128-649-5492,2024-11-28,доставлен,22:31:00,23:03:00,"Москва, улица Гиляровского, 47с1",Упаковка,Услуги Груши,15,15,0,1,15
241207-036-6377,2024-12-07,доставлен,18:45:00,19:05:00,"Москва, улица Гиляровского, 47с1","Гранат, Азербайджан",Фрукты,149,149,0,1,149
241207-036-6377,2024-12-07,доставлен,18:45:00,19:05:00,"Москва, улица Гиляровского, 47с1",Каша овсяная с ягодами Из Груши,Готовая еда,159,159,0,1,159
241207-036-6377,2024-12-07,доставлен,18:45:00,19:05:00,"Москва, улица Гиляровского, 47с1",Эвалар Витамин С таблетки шипучие 1000 мг 20 шт,Аптека,1090,1090,0,1,1090
241207-036-6377,2024-12-07,доставлен,18:45:00,19:05:00,"Москва, улица Гиляровского, 47с1",Ряженка 4% Из Груши,База,109,109,0,1,109
241207-036-6377,2024-12-07,доставлен,18:45:00,19:05:00,"Москва, улица Гиляровского, 47с1",Сырок глазированный Из Груши ванильный в бельгийском шоколаде,Сладости,169,169,0,1,169
241207-036-6377,2024-12-07,доставлен,18:45:00,19:05:00,"Москва, улица Гиляровского, 47с1",Доставка,Услуги Груши,49,49,0,1,49
241207-036-6377,2024-12-07,доставлен,18:45:00,19:05:00,"Москва, улица Гиляровского, 47с1",Упаковка,Услуги Груши,15,15,0,1,15
241207-654-1236,2024-12-07,доставлен,23:32:00,23:50:00,"Москва, улица Гиляровского, 47с1",Попкорн Holy Corn морская соль,Снеки,189,189,0,1,189
241207-654-1236,2024-12-07,доставлен,23:32:00,23:50:00,"Москва, улица Гиляровского, 47с1",Шримп ролл с креветками Йуми,Готовая еда,479,479,0,1,479
241207-654-1236,2024-12-07,доставлен,23:32:00,23:50:00,"Москва, улица Гиляровского, 47с1",Доставка,Услуги Груши,0,0,0,1,0
241208-880-7733,2024-12-08,доставлен,21:59:00,22:29:00,"Москва, улица Гиляровского, 47с1",Сэндвич с индейкой и моцареллой Из Груши,Готовая еда,259,199,60,1,199
241208-880-7733,2024-12-08,доставлен,21:59:00,22:29:00,"Москва, улица Гиляровского, 47с1",Доставка,Услуги Груши,0,0,0,1,0
241208-880-7733,2024-12-08,доставлен,21:59:00,22:29:00,"Москва, улица Гиляровского, 47с1",Упаковка,Услуги Груши,15,15,0,1,15
241210-364-7979,2024-12-10,отменен,23:02:00,,"Москва, улица Гиляровского, 47с1",Напиток соевый Alpro банановый,Напитки,379,379,0,3,1137
241210-364-7979,2024-12-10,отменен,23:02:00,,"Москва, улица Гиляровского, 47с1",Сырок глазированный Из Груши ванильный в бельгийском шоколаде,Сладости,169,169,0,1,169
241210-364-7979,2024-12-10,отменен,23:02:00,,"Москва, улица Гиляровского, 47с1",Апельсины сладкие,Фрукты,299,299,0,1,299
241210-364-7979,2024-12-10,отменен,23:02:00,,"Москва, улица Гиляровского, 47с1",Доставка,Услуги Груши,0,0,0,1,0
241217-820-4367,2024-12-17,доставлен,22:40:00,23:08:00,"Москва, улица Гиляровского, 47с1","Масло сливочное 82,5% Из Груши",База,169,169,0,1,169
241217-820-4367,2024-12-17,доставлен,22:40:00,23:08:00,"Москва, улица Гиляровского, 47с1",Вода Святой источник негазированная,Вода,99,99,0,1,99
241217-820-4367,2024-12-17,доставлен,22:40:00,23:08:00,"Москва, улица Гиляровского, 47с1",Сэндвич Бао с креветкой Нияма,Готовая еда,669,669,0,1,669
241217-820-4367,2024-12-17,доставлен,22:40:00,23:08:00,"Москва, улица Гиляровского, 47с1",Доставка,Услуги Груши,79,79,0,1,79
241217-820-4367,2024-12-17,доставлен,22:40:00,23:08:00,"Москва, улица Гиляровского, 47с1",Упаковка,Услуги Груши,15,15,0,1,15
241220-759-2645,2024-12-20,доставлен,21:45:00,21:56:00,"Москва, улица Гиляровского, 47с1",Попкорн для СВЧ Из Груши с солью,Снеки,59,59,0,1,59
241220-759-2645,2024-12-20,доставлен,21:45:00,21:56:00,"Москва, улица Гиляровского, 47с1",Улитка с изюмом и заварным кремом Из Груши,Сладости,139,139,0,1,139
241220-759-2645,2024-12-20,доставлен,21:45:00,21:56:00,"Москва, улица Гиляровского, 47с1",Доставка,Услуги Груши,119,119,0,1,119
241220-759-2645,2024-12-20,доставлен,21:45:00,21:56:00,"Москва, улица Гиляровского, 47с1",Упаковка,Услуги Груши,15,15,0,1,15
241220-160-4346,2024-12-20,отменен,23:21:00,,"Москва, улица Гиляровского, 47с1",Сэндвич с ростбифом The Truffle,Готовая еда,309,309,0,1,309
241220-160-4346,2024-12-20,отменен,23:21:00,,"Москва, улица Гиляровского, 47с1",Чипсы креветочные Nongshim острые,Снеки,179,179,0,1,179
241220-160-4346,2024-12-20,отменен,23:21:00,,"Москва, улица Гиляровского, 47с1",Батончик шоколадный Snickers Crisper,Сладости,69,69,0,1,69
241220-160-4346,2024-12-20,отменен,23:21:00,,"Москва, улица Гиляровского, 47с1",Доставка,Услуги Груши,0,0,0,1,0
241221-461-8686,2024-12-21,доставлен,22:56:00,23:06:00,"Москва, улица Гиляровского, 47с1",Попкорн Holy Corn нежный сыр,Снеки,89,89,0,1,89
241221-461-8686,2024-12-21,доставлен,22:56:00,23:06:00,"Москва, улица Гиляровского, 47с1",Доставка,Услуги Груши,0,0,0,1,0
241224-824-9997,2024-12-24,доставлен,22:47:00,23:03:00,"Москва, улица Гиляровского, 47с1",Батончик шоколадный Cadbury Wispa,Сладости,79,79,0,3,237
241224-824-9997,2024-12-24,доставлен,22:47:00,23:03:00,"Москва, улица Гиляровского, 47с1",Мандарины Абхазия,Фрукты,329,329,0,1,329
241224-824-9997,2024-12-24,доставлен,22:47:00,23:03:00,"Москва, улица Гиляровского, 47с1",Шоколад молочный Ritter Sport Extra Nut с цельным лесным орехом,Сладости,179,149,30,3,447
241224-824-9997,2024-12-24,доставлен,22:47:00,23:03:00,"Москва, улица Гиляровского, 47с1",Доставка,Услуги Груши,0,0,0,1,0
241224-824-9997,2024-12-24,доставлен,22:47:00,23:03:00,"Москва, улица Гиляровского, 47с1",Упаковка,Услуги Груши,15,15,0,1,15
241226-860-0886,2024-12-26,доставлен,21:50:00,22:17:00,"Москва, улица Гиляровского, 47с1",Чипсы Lay's Из Печи Сметана и ароматные травы,Снеки,119,119,0,2,238
241226-860-0886,2024-12-26,доставлен,21:50:00,22:17:00,"Москва, улица Гиляровского, 47с1",Начос кукурузные Delicados,Снеки,249,249,0,1,249
241226-860-0886,2024-12-26,доставлен,21:50:00,22:17:00,"Москва, улица Гиляровского, 47с1",Батарейка GP Super Alkaline АA,Товары для дома,279,279,0,1,279
241226-860-0886,2024-12-26,доставлен,21:50:00,22:17:00,"Москва, улица Гиляровского, 47с1",Доставка,Услуги Груши,79,79,0,1,79
241226-860-0886,2024-12-26,доставлен,21:50:00,22:17:00,"Москва, улица Гиляровского, 47с1",Упаковка,Услуги Груши,15,15,0,1,15
241228-366-7194,2024-12-28,доставлен,20:23:00,20:29:00,"Москва, улица Гиляровского, 47с1",Чипсы Lay's сыр,Снеки,199,149,50,1,149
241228-366-7194,2024-12-28,доставлен,20:23:00,20:29:00,"Москва, улица Гиляровского, 47с1",Помидоры коктейльные сливовидные на ветке,Овощи,209,209,0,1,209
241228-366-7194,2024-12-28,доставлен,20:23:00,20:29:00,"Москва, улица Гиляровского, 47с1",Кофе холодный латте Из Груши,Напитки,189,189,0,1,189
241228-366-7194,2024-12-28,доставлен,20:23:00,20:29:00,"Москва, улица Гиляровского, 47с1",Вода минеральная лечебно-столовая Borjomi газированная,Вода,149,149,0,1,149
241228-366-7194,2024-12-28,доставлен,20:23:00,20:29:00,"Москва, улица Гиляровского, 47с1",Запеканка творожная с вишней Азбука Вкуса,Готовая еда,299,299,0,2,598
241228-366-7194,2024-12-28,доставлен,20:23:00,20:29:00,"Москва, улица Гиляровского, 47с1",Шаурма с курицей Из Груши,Готовая еда,569,569,0,2,1138
241228-366-7194,2024-12-28,доставлен,20:23:00,20:29:00,"Москва, улица Гиляровского, 47с1",Доставка,Услуги Груши,0,0,0,1,0
241231-264-1499,2024-12-31,доставлен,22:15:00,22:34:00,"Москва, улица Гиляровского, 47с1",Шоколад Kinder Chocolate с молочной начинкой,Сладости,99,99,0,1,99
241231-264-1499,2024-12-31,доставлен,22:15:00,22:34:00,"Москва, улица Гиляровского, 47с1",Чипсы Lay's Из Печи Сметана и ароматные травы,Снеки,119,119,0,1,119
241231-264-1499,2024-12-31,доставлен,22:15:00,22:34:00,"Москва, улица Гиляровского, 47с1","Напиток функциональный Actimuno гранат 1,5%",Напитки,49,39,10,3,117
241231-264-1499,2024-12-31,доставлен,22:15:00,22:34:00,"Москва, улица Гиляровского, 47с1",Вода минеральная лечебно-столовая Borjomi газированная,Вода,149,149,0,2,298
241231-264-1499,2024-12-31,доставлен,22:15:00,22:34:00,"Москва, улица Гиляровского, 47с1",Пирог с картофелем и сыром Рамонти Пайз,Готовая еда,159,159,0,2,318
241231-264-1499,2024-12-31,доставлен,22:15:00,22:34:00,"Москва, улица Гиляровского, 47с1",Попкорн Holy Corn морская соль,Снеки,189,189,0,1,189
241231-264-1499,2024-12-31,доставлен,22:15:00,22:34:00,"Москва, улица Гиляровского, 47с1",Доставка,Услуги Груши,49,49,0,1,49
241231-264-1499,2024-12-31,доставлен,22:15:00,22:34:00,"Москва, улица Гиляровского, 47с1",Упаковка,Услуги Груши,15,15,0,1,15
250101-463-7403,2025-01-01,доставлен,21:56:00,22:31:00,"Москва, улица Гиляровского, 47с1",Сухарики Три корочки бекон,Снеки,69,69,0,1,69
250101-463-7403,2025-01-01,доставлен,21:56:00,22:31:00,"Москва, улица Гиляровского, 47с1",Чипсы креветочные Nongshim острые,Снеки,209,209,0,1,209
250101-463-7403,2025-01-01,доставлен,21:56:00,22:31:00,"Москва, улица Гиляровского, 47с1",Котлеты по-киевски Из Груши,Готовая еда,259,259,0,1,259
250101-463-7403,2025-01-01,доставлен,21:56:00,22:31:00,"Москва, улица Гиляровского, 47с1",Шоколад тёмный Lindt Excellence с кусочками апельсина,Сладости,1090,1090,0,1,1090
250101-463-7403,2025-01-01,доставлен,21:56:00,22:31:00,"Москва, улица Гиляровского, 47с1",Напиток соевый Alpro банановый,Напитки,379,379,0,2,758
250101-463-7403,2025-01-01,доставлен,21:56:00,22:31:00,"Москва, улица Гиляровского, 47с1","Гранат, Азербайджан",Фрукты,239,239,0,1,239
250101-463-7403,2025-01-01,доставлен,21:56:00,22:31:00,"Москва, улица Гиляровского, 47с1",Доставка,Услуги Груши,0,0,0,1,0
250117-555-6017,2025-01-17,доставлен,21:02:00,21:22:00,"Москва, улица Гиляровского, 47с1","Масло сливочное 82,5% Из Груши",База,169,169,0,1,169
250117-555-6017,2025-01-17,доставлен,21:02:00,21:22:00,"Москва, улица Гиляровского, 47с1",Доставка,Услуги Груши,0,0,0,1,0
250119-175-6949,2025-01-19,доставлен,23:21:00,23:44:00,"Москва, улица Гиляровского, 47с1",Вода Святой источник негазированная,Вода,69,69,0,1,69
250119-175-6949,2025-01-19,доставлен,23:21:00,23:44:00,"Москва, улица Гиляровского, 47с1",Доставка,Услуги Груши,0,0,0,1,0
250119-175-6949,2025-01-19,доставлен,23:21:00,23:44:00,"Москва, улица Гиляровского, 47с1",Упаковка,Услуги Груши,19,19,0,1,19
250203-149-9335,2025-02-03,доставлен,23:22:00,23:28:00,"Москва, улица Гиляровского, 47с1",Попкорн для СВЧ Из Груши с солью,Снеки,59,49,10,2,98
250203-149-9335,2025-02-03,доставлен,23:22:00,23:28:00,"Москва, улица Гиляровского, 47с1",Парацетамол таблетки 500 мг 20 шт,Аптека,269,189,80,1,189
250203-149-9335,2025-02-03,доставлен,23:22:00,23:28:00,"Москва, улица Гиляровского, 47с1",Фунчоза с овощами по-корейски Азбука Вкуса,Готовая еда,239,239,0,2,478
250203-149-9335,2025-02-03,доставлен,23:22:00,23:28:00,"Москва, улица Гиляровского, 47с1",Чипсы Lay's сыр,Снеки,199,199,0,1,199
250203-149-9335,2025-02-03,доставлен,23:22:00,23:28:00,"Москва, улица Гиляровского, 47с1",Доставка,Услуги Груши,79,79,0,1,79
250206-338-8795,2025-02-06,доставлен,23:58:00,00:20:00,"Москва, улица Гиляровского, 47с1",Курица тандури в сливочно-томатном карри с рисом басмати Чикен Баттер Масала Chindi Kitchen,Готовая еда,919,919,0,1,919
250206-338-8795,2025-02-06,доставлен,23:58:00,00:20:00,"Москва, улица Гиляровского, 47с1",Рис Басмати отварной Азбука Вкуса,Готовая еда,179,179,0,2,358
250206-338-8795,2025-02-06,доставлен,23:58:00,00:20:00,"Москва, улица Гиляровского, 47с1","Напиток соевый Alpro Banana банановый 1,8%",Напитки,109,109,0,2,218
250206-338-8795,2025-02-06,доставлен,23:58:00,00:20:00,"Москва, улица Гиляровского, 47с1",Суп с куриными фрикадельками и пастой Алфавит Азбука вкуса,Готовая еда,229,229,0,1,229
250206-338-8795,2025-02-06,доставлен,23:58:00,00:20:00,"Москва, улица Гиляровского, 47с1",Салат сырный Азбука вкуса,Готовая еда,489,489,0,1,489
250206-338-8795,2025-02-06,доставлен,23:58:00,00:20:00,"Москва, улица Гиляровского, 47с1",Доставка,Услуги Груши,0,0,0,1,0
250208-105-9736,2025-02-08,доставлен,22:51:00,23:08:00,"Москва, улица Гиляровского, 47с1",Мармелад жевательный Happy Cola Haribo,Сладости,239,239,0,1,239
250208-105-9736,2025-02-08,доставлен,22:51:00,23:08:00,"Москва, улица Гиляровского, 47с1",Доставка,Услуги Груши,0,0,0,1,0
250208-105-9736,2025-02-08,доставлен,22:51:00,23:08:00,"Москва, улица Гиляровского, 47с1",Упаковка,Услуги Груши,19,19,0,1,19
250208-351-0294,2025-02-08,доставлен,23:58:00,00:09:00,"Москва, улица Гиляровского, 47с1",Чипсы креветочные Nongshim острые,Снеки,209,209,0,2,418
250208-351-0294,2025-02-08,доставлен,23:58:00,00:09:00,"Москва, улица Гиляровского, 47с1",Доставка,Услуги Груши,119,119,0,1,119
250208-351-0294,2025-02-08,доставлен,23:58:00,00:09:00,"Москва, улица Гиляровского, 47с1",Упаковка,Услуги Груши,19,19,0,1,19
250214-803-2300,2025-02-14,доставлен,20:45:00,21:06:00,"Москва, улица Гиляровского, 47с1","Напиток овсяный Nemoloko 3,2% классический",Напитки,149,149,0,1,149
250214-803-2300,2025-02-14,доставлен,20:45:00,21:06:00,"Москва, улица Гиляровского, 47с1",Улитка с солёной карамелью и корицей Кулпром,Сладости,239,239,0,1,239
250214-803-2300,2025-02-14,доставлен,20:45:00,21:06:00,"Москва, улица Гиляровского, 47с1",Чипсы Lay's Из печи Нежный сыр с зеленью,Снеки,139,139,0,1,139
250214-803-2300,2025-02-14,доставлен,20:45:00,21:06:00,"Москва, улица Гиляровского, 47с1",Доставка,Услуги Груши,0,0,0,1,0
250214-803-2300,2025-02-14,доставлен,20:45:00,21:06:00,"Москва, улица Гиляровского, 47с1",Упаковка,Услуги Груши,19,19,0,1,19
250224-378-7244,2025-02-24,доставлен,19:57:00,20:06:00,"Москва, улица Гиляровского, 47с1","Масло сливочное 82,5% Из Груши",База,169,169,0,1,169
250224-378-7244,2025-02-24,доставлен,19:57:00,20:06:00,"Москва, улица Гиляровского, 47с1",Доставка,Услуги Груши,0,0,0,1,0
250227-902-3575,2025-02-27,доставлен,23:47:00,00:01:00,"Москва, улица Гиляровского, 47с1",Вода Святой источник негазированная,Вода,69,69,0,1,69
250227-902-3575,2025-02-27,доставлен,23:47:00,00:01:00,"Москва, улица Гиляровского, 47с1",Каша овсяная с ягодами Из Груши,Готовая еда,159,119,40,1,119
250227-902-3575,2025-02-27,доставлен,23:47:00,00:01:00,"Москва, улица Гиляровского, 47с1","Напиток соевый Alpro Banana банановый 1,8%",Напитки,109,109,0,1,109
250227-902-3575,2025-02-27,доставлен,23:47:00,00:01:00,"Москва, улица Гиляровского, 47с1",Попкорн Holy Corn нежный сыр,Снеки,89,89,0,1,89
250227-902-3575,2025-02-27,доставлен,23:47:00,00:01:00,"Москва, улица Гиляровского, 47с1","Напиток функциональный Actimuno гранат 1,5%",Напитки,49,49,0,1,49
250227-902-3575,2025-02-27,доставлен,23:47:00,00:01:00,"Москва, улица Гиляровского, 47с1",Орехи кешью жареные Из Груши,Снеки,439,439,0,1,439
250227-902-3575,2025-02-27,доставлен,23:47:00,00:01:00,"Москва, улица Гиляровского, 47с1",Доставка,Услуги Груши,49,49,0,1,49
250227-902-3575,2025-02-27,доставлен,23:47:00,00:01:00,"Москва, улица Гиляровского, 47с1",Упаковка,Услуги Груши,19,19,0,1,19
250305-336-8499,2025-03-05,доставлен,22:45:00,23:12:00,"Москва, улица Гиляровского, 47с1",Мороженое пломбир Чистая Линия,Сладости,159,159,0,1,159
250305-336-8499,2025-03-05,доставлен,22:45:00,23:12:00,"Москва, улица Гиляровского, 47с1",Печенье Орешек со сгущёнкой Братья Караваевы,Сладости,539,539,0,3,1617
250305-336-8499,2025-03-05,доставлен,22:45:00,23:12:00,"Москва, улица Гиляровского, 47с1",Суп-пюре сырный с креветками Азбука вкуса,Готовая еда,299,299,0,1,299
250305-336-8499,2025-03-05,доставлен,22:45:00,23:12:00,"Москва, улица Гиляровского, 47с1",Доставка,Услуги Груши,0,0,0,1,0
250305-336-8499,2025-03-05,доставлен,22:45:00,23:12:00,"Москва, улица Гиляровского, 47с1",Упаковка,Услуги Груши,19,19,0,1,19
250308-878-6094,2025-03-08,доставлен,22:16:00,22:46:00,"Москва, улица Гиляровского, 47с1",Шоколад тёмный Lindt Excellence с кусочками апельсина,Сладости,1090,1090,0,1,1090
250308-878-6094,2025-03-08,доставлен,22:16:00,22:46:00,"Москва, улица Гиляровского, 47с1",Сырок глазированный Из Груши ванильный в бельгийском шоколаде,Сладости,169,169,0,1,169
250308-878-6094,2025-03-08,доставлен,22:16:00,22:46:00,"Москва, улица Гиляровского, 47с1",Сэндвич на круассане с индейкой и мандариновым соусом Eggsellent x Груша,Готовая еда,589,589,0,2,1178
250308-878-6094,2025-03-08,доставлен,22:16:00,22:46:00,"Москва, улица Гиляровского, 47с1",Доставка,Услуги Груши,79,79,0,1,79
250308-878-6094,2025-03-08,доставлен,22:16:00,22:46:00,"Москва, улица Гиляровского, 47с1",Упаковка,Услуги Груши,19,19,0,1,19
250312-128-2964,2025-03-12,доставлен,23:31:00,23:49:00,"Москва, улица Гиляровского, 47с1",Грейпфрут,Фрукты,159,139,20,1,139
250312-128-2964,2025-03-12,доставлен,23:31:00,23:49:00,"Москва, улица Гиляровского, 47с1",Мороженое ванильное Vanilla Dream Monterra,Сладости,769,769,0,1,769
250312-128-2964,2025-03-12,доставлен,23:31:00,23:49:00,"Москва, улица Гиляровского, 47с1",Сок апельсиновый Из Груши прямой отжим с мякотью пастеризованный,Напитки,639,639,0,1,639
250312-128-2964,2025-03-12,доставлен,23:31:00,23:49:00,"Москва, улица Гиляровского, 47с1",Кулич пасхальный с изюмом,Сладости,349,349,0,1,349
250312-128-2964,2025-03-12,доставлен,23:31:00,23:49:00,"Москва, улица Гиляровского, 47с1",Доставка,Услуги Груши,49,49,0,1,49
250312-128-2964,2025-03-12,доставлен,23:31:00,23:49:00,"Москва, улица Гиляровского, 47с1",Упаковка,Услуги Груши,19,19,0,1,19
250320-478-6037,2025-03-20,доставлен,22:31:00,22:43:00,"Москва, улица Гиляровского, 47с1",Сок апельсиновый Из Груши прямой отжим с мякотью пастеризованный,Напитки,639,439,200,1,439
250320-478-6037,2025-03-20,доставлен,22:31:00,22:43:00,"Москва, улица Гиляровского, 47с1",Шоколад молочный Alpen Gold фундук-изюм,Сладости,139,139,0,1,139
250320-478-6037,2025-03-20,доставлен,22:31:00,22:43:00,"Москва, улица Гиляровского, 47с1",Семена тыквы очищенные Из Груши,Снеки,179,179,0,2,358
250320-478-6037,2025-03-20,доставлен,22:31:00,22:43:00,"Москва, улица Гиляровского, 47с1",Доставка,Услуги Груши,0,0,0,1,0
250320-883-1352,2025-03-20,доставлен,23:01:00,23:10:00,"Москва, улица Гиляровского, 47с1",Мандарины мини,Фрукты,249,249,0,1,249
250320-883-1352,2025-03-20,доставлен,23:01:00,23:10:00,"Москва, улица Гиляровского, 47с1",Доставка,Услуги Груши,0,0,0,1,0
250320-883-1352,2025-03-20,доставлен,23:01:00,23:10:00,"Москва, улица Гиляровского, 47с1",Упаковка,Услуги Груши,19,19,0,1,19
250321-741-2896,2025-03-21,доставлен,19:02:00,19:26:00,"Москва, улица Гиляровского, 47с1",Батончики KitKat с хрустящей вафлей в молочном шоколаде,Сладости,539,539,0,1,539
250321-741-2896,2025-03-21,доставлен,19:02:00,19:26:00,"Москва, улица Гиляровского, 47с1",Доставка,Услуги Груши,0,0,0,1,0
250321-741-2896,2025-03-21,доставлен,19:02:00,19:26:00,"Москва, улица Гиляровского, 47с1",Упаковка,Услуги Груши,19,19,0,1,19
250325-483-5645,2025-03-25,доставлен,23:01:00,23:29:00,"Москва, улица Гиляровского, 47с1",Начос кукурузные Delicados,Снеки,279,279,0,1,279
250325-483-5645,2025-03-25,доставлен,23:01:00,23:29:00,"Москва, улица Гиляровского, 47с1",Вода минеральная негазированная Из Груши природная питьевая,Вода,149,149,0,1,149
250325-483-5645,2025-03-25,доставлен,23:01:00,23:29:00,"Москва, улица Гиляровского, 47с1",Доставка,Услуги Груши,119,119,0,1,119
250327-126-6171,2025-03-27,доставлен,23:58:00,01:16:00,"Москва, улица Гиляровского, 47с1","Масло сливочное 82,5% Из Груши",База,169,169,0,1,169
250327-126-6171,2025-03-27,доставлен,23:58:00,01:16:00,"Москва, улица Гиляровского, 47с1",Ромовая баба глазированная шоколадной помадкой Из Груши,Сладости,189,189,0,1,189
250327-126-6171,2025-03-27,доставлен,23:58:00,01:16:00,"Москва, улица Гиляровского, 47с1",Доставка,Услуги Груши,0,0,0,1,0
250327-126-6171,2025-03-27,доставлен,23:58:00,01:16:00,"Москва, улица Гиляровского, 47с1",Упаковка,Услуги Груши,19,19,0,1,19
250401-570-5958,2025-04-01,доставлен,23:07:00,23:26:00,"Москва, улица Гиляровского, 47с1",Вода Святой источник негазированная,Вода,69,69,0,2,138
250401-570-5958,2025-04-01,доставлен,23:07:00,23:26:00,"Москва, улица Гиляровского, 47с1",Батончик Twix Xtra с карамелью и шоколадом,Сладости,89,69,20,3,207
250401-570-5958,2025-04-01,доставлен,23:07:00,23:26:00,"Москва, улица Гиляровского, 47с1",Доставка,Услуги Груши,0,0,0,1,0
250401-570-5958,2025-04-01,доставлен,23:07:00,23:26:00,"Москва, улица Гиляровского, 47с1",Упаковка,Услуги Груши,19,19,0,1,19
250408-771-3596,2025-04-08,доставлен,23:47:00,23:58:00,"Москва, улица Гиляровского, 47с1",Сок грейпфрутовый Из Груши прямого отжима,Напитки,429,429,0,1,429
250408-771-3596,2025-04-08,доставлен,23:47:00,23:58:00,"Москва, улица Гиляровского, 47с1",Попкорн Holy Corn морская соль,Снеки,199,199,0,2,398
250408-771-3596,2025-04-08,доставлен,23:47:00,23:58:00,"Москва, улица Гиляровского, 47с1",Апельсины,Фрукты,239,239,0,1,239
250408-771-3596,2025-04-08,доставлен,23:47:00,23:58:00,"Москва, улица Гиляровского, 47с1",Каша овсяная с ягодами Из Груши,Готовая еда,159,159,0,1,159
250408-771-3596,2025-04-08,доставлен,23:47:00,23:58:00,"Москва, улица Гиляровского, 47с1",Чипсы Lay's Из Печи Сметана и ароматные травы,Снеки,119,119,0,1,119
250408-771-3596,2025-04-08,доставлен,23:47:00,23:58:00,"Москва, улица Гиляровского, 47с1",Омлет Классический со шпинатным соусом Из Груши,Готовая еда,179,179,0,1,179
250408-771-3596,2025-04-08,доставлен,23:47:00,23:58:00,"Москва, улица Гиляровского, 47с1",Доставка,Услуги Груши,79,79,0,1,79
250408-981-5698,2025-04-08,доставлен,23:58:00,00:10:00,"Москва, улица Гиляровского, 47с1",Сэндвич Бао с креветкой Нияма,Готовая еда,879,879,0,2,1758
250408-981-5698,2025-04-08,доставлен,23:58:00,00:10:00,"Москва, улица Гиляровского, 47с1",Доставка,Услуги Груши,0,0,0,1,0
250410-637-1519,2025-04-10,доставлен,21:03:00,21:24:00,"Москва, улица Гиляровского, 47с1",Салат Крабовый Азбука вкуса,Готовая еда,209,209,0,1,209
250410-637-1519,2025-04-10,доставлен,21:03:00,21:24:00,"Москва, улица Гиляровского, 47с1",Батончик шоколадный Cadbury Wispa,Сладости,149,149,0,2,298
250410-637-1519,2025-04-10,доставлен,21:03:00,21:24:00,"Москва, улица Гиляровского, 47с1",Напиток газированный Кола Добрый,Напитки,109,109,0,1,109
250410-637-1519,2025-04-10,доставлен,21:03:00,21:24:00,"Москва, улица Гиляровского, 47с1","Напиток функциональный Actimuno гранат 1,5%",Напитки,49,49,0,1,49
250410-637-1519,2025-04-10,доставлен,21:03:00,21:24:00,"Москва, улица Гиляровского, 47с1",Шоколад гречишный Фабрика природы с кокосом,Сладости,129,129,0,1,129
250410-637-1519,2025-04-10,доставлен,21:03:00,21:24:00,"Москва, улица Гиляровского, 47с1",Доставка,Услуги Груши,0,0,0,1,0
250418-754-6660,2025-04-18,доставлен,19:12:00,19:22:00,"Москва, улица Гиляровского, 47с1",Драже M&M's арахис-молочный шоколад,Сладости,549,549,0,1,549
250418-754-6660,2025-04-18,доставлен,19:12:00,19:22:00,"Москва, улица Гиляровского, 47с1",Шоколад молочный Ritter Sport Extra Nut с цельным миндалём,Сладости,289,289,0,1,289
250418-754-6660,2025-04-18,доставлен,19:12:00,19:22:00,"Москва, улица Гиляровского, 47с1",Чипсы Lay's сыр,Снеки,199,149,50,2,298
250418-754-6660,2025-04-18,доставлен,19:12:00,19:22:00,"Москва, улица Гиляровского, 47с1",Бабагануш с пшеничными лепёшками Chindi Kitchen,Готовая еда,509,509,0,2,1018
250418-754-6660,2025-04-18,доставлен,19:12:00,19:22:00,"Москва, улица Гиляровского, 47с1",Доставка,Услуги Груши,119,119,0,1,119
250418-754-6660,2025-04-18,доставлен,19:12:00,19:22:00,"Москва, улица Гиляровского, 47с1",Упаковка,Услуги Груши,19,19,0,1,19
250426-164-5213,2025-04-26,доставлен,22:21:00,22:34:00,"Москва, улица Гиляровского, 47с1",Пирог с сыром и шпинатом Рамонти Пайз,Готовая еда,179,129,50,1,129
250426-164-5213,2025-04-26,доставлен,22:21:00,22:34:00,"Москва, улица Гиляровского, 47с1",Доставка,Услуги Груши,0,0,0,1,0
250426-354-4461,2025-04-26,доставлен,23:06:00,23:52:00,"Москва, улица Гиляровского, 47с1",Миндаль жареный солёный Из Груши,Снеки,429,429,0,2,858
250426-354-4461,2025-04-26,доставлен,23:06:00,23:52:00,"Москва, улица Гиляровского, 47с1",Печенье Творожные ушки Братья Караваевы,Сладости,529,529,0,1,529
250426-354-4461,2025-04-26,доставлен,23:06:00,23:52:00,"Москва, улица Гиляровского, 47с1",Шоколад тёмный Lindt Excellence 85% cocoa,Сладости,469,469,0,2,938
250426-354-4461,2025-04-26,доставлен,23:06:00,23:52:00,"Москва, улица Гиляровского, 47с1",Доставка,Услуги Груши,0,0,0,1,0
250429-059-4673,2025-04-29,доставлен,19:35:00,19:52:00,"Москва, улица Гиляровского, 47с1","Масло сливочное 82,5% Из Груши",База,169,149,20,2,298
250429-059-4673,2025-04-29,доставлен,19:35:00,19:52:00,"Москва, улица Гиляровского, 47с1",Вода минеральная Рычал-Су,Вода,189,189,0,1,189
250429-059-4673,2025-04-29,доставлен,19:35:00,19:52:00,"Москва, улица Гиляровского, 47с1","Салат с капустой, сладким перцем и огурцом Монастырский",Готовая еда,149,149,0,1,149
250429-059-4673,2025-04-29,доставлен,19:35:00,19:52:00,"Москва, улица Гиляровского, 47с1",Доставка,Услуги Груши,0,0,0,1,0
250502-154-9995,2025-05-02,доставлен,21:28:00,21:38:00,"Москва, улица Гиляровского, 47с1","Салат с капустой, сладким перцем и огурцом Монастырский",Готовая еда,149,149,0,1,149
250502-154-9995,2025-05-02,доставлен,21:28:00,21:38:00,"Москва, улица Гиляровского, 47с1",Доставка,Услуги Груши,99,99,0,1,99
250506-911-8050,2025-05-06,доставлен,21:48:00,22:00:00,"Москва, улица Гиляровского, 47с1",Вода Святой источник негазированная,Вода,69,69,0,1,69
250506-911-8050,2025-05-06,доставлен,21:48:00,22:00:00,"Москва, улица Гиляровского, 47с1",Суп-пюре сырный с креветками Азбука вкуса,Готовая еда,299,299,0,1,299
250506-911-8050,2025-05-06,доставлен,21:48:00,22:00:00,"Москва, улица Гиляровского, 47с1",Парацетамол таблетки 500 мг 20 шт,Аптека,269,269,0,1,269
250506-911-8050,2025-05-06,доставлен,21:48:00,22:00:00,"Москва, улица Гиляровского, 47с1",Сосиска в тесте Cook Chart Bakery,Готовая еда,129,129,0,1,129
250506-911-8050,2025-05-06,доставлен,21:48:00,22:00:00,"Москва, улица Гиляровского, 47с1","Напиток овсяный Nemoloko шоколадный 3,2%",Напитки,59,59,0,2,118
250506-911-8050,2025-05-06,доставлен,21:48:00,22:00:00,"Москва, улица Гиляровского, 47с1",Доставка,Услуги Груши,99,99,0,1,99
250506-911-8050,2025-05-06,доставлен,21:48:00,22:00:00,"Москва, улица Гиляровского, 47с1",Упаковка,Услуги Груши,19,19,0,1,19
250508-033-2841,2025-05-08,доставлен,20:32:00,21:11:00,"Москва, улица Гиляровского, 47с1",Lay's Из печи сыр-зелень,Снеки,179,179,0,2,358
250508-033-2841,2025-05-08,доставлен,20:32:00,21:11:00,"Москва, улица Гиляровского, 47с1",Суп с куриными фрикадельками и пастой Алфавит Азбука вкуса,Готовая еда,229,229,0,1,229
250508-033-2841,2025-05-08,доставлен,20:32:00,21:11:00,"Москва, улица Гиляровского, 47с1",Доставка,Услуги Груши,49,49,0,1,49
250508-033-2841,2025-05-08,доставлен,20:32:00,21:11:00,"Москва, улица Гиляровского, 47с1",Упаковка,Услуги Груши,19,19,0,1,19
250522-739-2028,2025-05-22,доставлен,20:33:00,20:58:00,"Москва, улица Гиляровского, 47с1",Пицца Маргарита Из Груши,Готовая еда,899,899,0,1,899
250522-739-2028,2025-05-22,доставлен,20:33:00,20:58:00,"Москва, улица Гиляровского, 47с1",Вода минеральная Petroglyph негазированная,Вода,149,149,0,1,149
250522-739-2028,2025-05-22,доставлен,20:33:00,20:58:00,"Москва, улица Гиляровского, 47с1",Мороженое пломбир Чистая Линия,Сладости,159,159,0,1,159
250522-739-2028,2025-05-22,доставлен,20:33:00,20:58:00,"Москва, улица Гиляровского, 47с1",Сок Сады Придонья яблоко-виноград с 6 месяцев без добавления сахара,Напитки,39,39,0,1,39
250522-739-2028,2025-05-22,доставлен,20:33:00,20:58:00,"Москва, улица Гиляровского, 47с1",Шримп ролл с креветками Йуми,Готовая еда,569,569,0,1,569
250522-739-2028,2025-05-22,доставлен,20:33:00,20:58:00,"Москва, улица Гиляровского, 47с1",Доставка,Услуги Груши,0,0,0,1,0
250606-648-6897,2025-06-06,доставлен,22:56:00,23:10:00,"Москва, улица Гиляровского, 47с1","Масло сливочное 82,5% Из Груши",База,169,129,40,1,129
250606-648-6897,2025-06-06,доставлен,22:56:00,23:10:00,"Москва, улица Гиляровского, 47с1",Орехи кешью жареные Из Груши,Снеки,439,439,0,1,439
250606-648-6897,2025-06-06,доставлен,22:56:00,23:10:00,"Москва, улица Гиляровского, 47с1",Чипсы креветочные Nongshim острые,Снеки,209,209,0,1,209
250606-648-6897,2025-06-06,доставлен,22:56:00,23:10:00,"Москва, улица Гиляровского, 47с1",Доставка,Услуги Груши,0,0,0,1,0
250614-148-4252,2025-06-14,доставлен,21:39:00,21:48:00,"Москва, улица Гиляровского, 47с1",Вода Святой источник негазированная,Вода,69,59,10,1,59
250614-148-4252,2025-06-14,доставлен,21:39:00,21:48:00,"Москва, улица Гиляровского, 47с1",Орехи кешью жареные Из Груши,Снеки,439,439,0,1,439
250614-148-4252,2025-06-14,доставлен,21:39:00,21:48:00,"Москва, улица Гиляровского, 47с1",Напиток соевый Alpro банановый,Напитки,379,379,0,1,379
250614-148-4252,2025-06-14,доставлен,21:39:00,21:48:00,"Москва, улица Гиляровского, 47с1",Доставка,Услуги Груши,0,0,0,1,0
250614-148-4252,2025-06-14,доставлен,21:39:00,21:48:00,"Москва, улица Гиляровского, 47с1",Упаковка,Услуги Груши,19,19,0,1,19
250615-180-4736,2025-06-15,доставлен,21:06:00,21:20:00,"Москва, улица Гиляровского, 47с1",Суп том-ям с креветками Азбука Вкуса,Готовая еда,389,389,0,1,389
250615-180-4736,2025-06-15,доставлен,21:06:00,21:20:00,"Москва, улица Гиляровского, 47с1",Батончик Snickers лесной орех,Сладости,119,119,0,1,119
250615-180-4736,2025-06-15,доставлен,21:06:00,21:20:00,"Москва, улица Гиляровского, 47с1",Чипсы Lay's краб,Снеки,139,119,20,1,119
250615-180-4736,2025-06-15,доставлен,21:06:00,21:20:00,"Москва, улица Гиляровского, 47с1",Доставка,Услуги Груши,0,0,0,1,0
250615-180-4736,2025-06-15,доставлен,21:06:00,21:20:00,"Москва, улица Гиляровского, 47с1",Упаковка,Услуги Груши,19,19,0,1,19
250618-765-8333,2025-06-18,доставлен,22:59:00,23:16:00,"Москва, улица Гиляровского, 47с1",Сухари Семейка Озби в сахаре с изюмом,Снеки,439,439,0,1,439
250618-765-8333,2025-06-18,доставлен,22:59:00,23:16:00,"Москва, улица Гиляровского, 47с1",Доставка,Услуги Груши,0,0,0,1,0
250624-352-5980,2025-06-24,отменен,23:05:00,,"Москва, улица Гиляровского, 47с1",Фокачча гриль-чиз с вялеными томатами и шпинатом Mates,Готовая еда,639,639,0,1,639
250624-352-5980,2025-06-24,отменен,23:05:00,,"Москва, улица Гиляровского, 47с1",Суп-пюре сырный с креветками Азбука вкуса,Готовая еда,299,299,0,1,299
250624-352-5980,2025-06-24,отменен,23:05:00,,"Москва, улица Гиляровского, 47с1",Чипсы Lay's сметана и лук рифлёные,Снеки,219,219,0,1,219
250624-352-5980,2025-06-24,отменен,23:05:00,,"Москва, улица Гиляровского, 47с1",Чай холодный Из Груши с лимоном,Напитки,129,129,0,1,129
250624-352-5980,2025-06-24,отменен,23:05:00,,"Москва, улица Гиляровского, 47с1",Доставка,Услуги Груши,0,0,0,1,0
250626-862-0116,2025-06-26,доставлен,20:54:00,21:07:00,"Москва, улица Гиляровского, 47с1",Чипсы Lay's Из Печи Лисички в сметане,Снеки,119,119,0,2,238
250626-862-0116,2025-06-26,доставлен,20:54:00,21:07:00,"Москва, улица Гиляровского, 47с1","Напиток функциональный Actimuno клубника 1,5%",Напитки,69,69,0,1,69
250626-862-0116,2025-06-26,доставлен,20:54:00,21:07:00,"Москва, улица Гиляровского, 47с1",Напиток газированный Кола Добрый,Напитки,109,79,30,1,79
250626-862-0116,2025-06-26,доставлен,20:54:00,21:07:00,"Москва, улица Гиляровского, 47с1",Суп с куриными фрикадельками и пастой Алфавит Азбука вкуса,Готовая еда,229,229,0,1,229
250626-862-0116,2025-06-26,доставлен,20:54:00,21:07:00,"Москва, улица Гиляровского, 47с1",Шаурма с курицей Из Груши,Готовая еда,899,899,0,1,899
250626-862-0116,2025-06-26,доставлен,20:54:00,21:07:00,"Москва, улица Гиляровского, 47с1",Доставка,Услуги Груши,0,0,0,1,0
250627-753-8373,2025-06-27,доставлен,20:49:00,20:57:00,"Москва, улица Гиляровского, 47с1",Шницель из курицы со спагетти и кетчупом Из Груши,Готовая еда,329,329,0,2,658
250627-753-8373,2025-06-27,доставлен,20:49:00,20:57:00,"Москва, улица Гиляровского, 47с1",Фокачча гриль-чиз с вялеными томатами и шпинатом Mates,Готовая еда,639,639,0,1,639
250627-753-8373,2025-06-27,доставлен,20:49:00,20:57:00,"Москва, улица Гиляровского, 47с1",Чипсы Pringles паприка,Снеки,369,369,0,1,369
250627-753-8373,2025-06-27,доставлен,20:49:00,20:57:00,"Москва, улица Гиляровского, 47с1",Доставка,Услуги Груши,0,0,0,1,0
250701-175-6553,2025-07-01,доставлен,22:45:00,23:04:00,"Москва, улица Гиляровского, 47с1","Напиток функциональный Actimuno натуральный 1,6%",Напитки,39,39,0,2,78
250701-175-6553,2025-07-01,доставлен,22:45:00,23:04:00,"Москва, улица Гиляровского, 47с1",Шоколад молочный Ritter Sport Extra Nut с цельным лесным орехом,Сладости,179,179,0,1,179
250701-175-6553,2025-07-01,доставлен,22:45:00,23:04:00,"Москва, улица Гиляровского, 47с1",Шоколад тёмный Lindt Excellence 85% cocoa,Сладости,469,399,70,1,399
250701-175-6553,2025-07-01,доставлен,22:45:00,23:04:00,"Москва, улица Гиляровского, 47с1",Квас Очаковский,Напитки,99,99,0,1,99
250701-175-6553,2025-07-01,доставлен,22:45:00,23:04:00,"Москва, улица Гиляровского, 47с1",Доставка,Услуги Груши,0,0,0,1,0
250704-596-4658,2025-07-04,доставлен,20:52:00,21:04:00,"Москва, улица Гиляровского, 47с1",Руккола Из Груши,Овощи,139,139,0,1,139
250704-596-4658,2025-07-04,доставлен,20:52:00,21:04:00,"Москва, улица Гиляровского, 47с1","Напиток функциональный Actimuno клубника 1,5%",Напитки,69,69,0,1,69
250704-596-4658,2025-07-04,доставлен,20:52:00,21:04:00,"Москва, улица Гиляровского, 47с1",Доставка,Услуги Груши,0,0,0,1,0
250713-701-3993,2025-07-13,доставлен,22:52:00,23:13:00,"Москва, улица Гиляровского, 47с1","Масло сливочное 82,5% Из Груши",База,169,169,0,1,169
250713-701-3993,2025-07-13,доставлен,22:52:00,23:13:00,"Москва, улица Гиляровского, 47с1",Рулетик с корицей и изюмом Братья Караваевы,Сладости,409,309,100,1,309
250713-701-3993,2025-07-13,доставлен,22:52:00,23:13:00,"Москва, улица Гиляровского, 47с1",Сухарики Три корочки бекон,Снеки,69,69,0,1,69
250713-701-3993,2025-07-13,доставлен,22:52:00,23:13:00,"Москва, улица Гиляровского, 47с1",Доставка,Услуги Груши,0,0,0,1,0
250713-701-3993,2025-07-13,доставлен,22:52:00,23:13:00,"Москва, улица Гиляровского, 47с1",Упаковка,Услуги Груши,19,19,0,1,19
250720-204-7727,2025-07-20,доставлен,23:23:00,23:47:00,"Москва, улица Гиляровского, 47с1",Вода Святой источник негазированная,Вода,69,69,0,1,69
250720-204-7727,2025-07-20,доставлен,23:23:00,23:47:00,"Москва, улица Гиляровского, 47с1",Тефтели из говядины и свинины в томатной поджарке с картофельным пюре Грабли,Готовая еда,489,489,0,1,489
250720-204-7727,2025-07-20,доставлен,23:23:00,23:47:00,"Москва, улица Гиляровского, 47с1",Доставка,Услуги Груши,0,0,0,1,0
250721-391-7322,2025-07-21,доставлен,23:04:00,23:16:00,"Москва, улица Гиляровского, 47с1",Смузи манго-маракуйя Из Груши,Напитки,259,259,0,2,518
250721-391-7322,2025-07-21,доставлен,23:04:00,23:16:00,"Москва, улица Гиляровского, 47с1",Сок апельсиновый Из Груши прямой отжим с мякотью пастеризованный,Напитки,639,639,0,1,639
250721-391-7322,2025-07-21,доставлен,23:04:00,23:16:00,"Москва, улица Гиляровского, 47с1",Батончики шоколадные Snickers Minis,Сладости,289,289,0,1,289
250721-391-7322,2025-07-21,доставлен,23:04:00,23:16:00,"Москва, улица Гиляровского, 47с1",Доставка,Услуги Груши,0,0,0,1,0
250722-488-7577,2025-07-22,доставлен,23:01:00,23:26:00,"Москва, улица Гиляровского, 47с1",Шоколад молочный пористый Milka Bubbles,Сладости,279,189,90,1,189
250722-488-7577,2025-07-22,доставлен,23:01:00,23:26:00,"Москва, улица Гиляровского, 47с1",Чипсы Pringles паприка,Снеки,369,269,100,1,269
250722-488-7577,2025-07-22,доставлен,23:01:00,23:26:00,"Москва, улица Гиляровского, 47с1",Блинчики с курицей и грибами Азбука Вкуса,Готовая еда,249,249,0,1,249
250722-488-7577,2025-07-22,доставлен,23:01:00,23:26:00,"Москва, улица Гиляровского, 47с1",Доставка,Услуги Груши,79,79,0,1,79
250722-488-7577,2025-07-22,доставлен,23:01:00,23:26:00,"Москва, улица Гиляровского, 47с1",Упаковка,Услуги Груши,19,19,0,1,19
250724-048-5765,2025-07-24,доставлен,22:30:00,22:53:00,"Москва, улица Гиляровского, 47с1","Напиток овсяный Nemoloko шоколадный 3,2%",Напитки,59,59,0,1,59
250724-048-5765,2025-07-24,доставлен,22:30:00,22:53:00,"Москва, улица Гиляровского, 47с1",Чипсы Pringles Paprika с паприкой,Снеки,179,179,0,1,179
250724-048-5765,2025-07-24,доставлен,22:30:00,22:53:00,"Москва, улица Гиляровского, 47с1",Чипсы Lay's Из Печи Сметана и ароматные травы,Снеки,119,119,0,2,238
250724-048-5765,2025-07-24,доставлен,22:30:00,22:53:00,"Москва, улица Гиляровского, 47с1",Доставка,Услуги Груши,0,0,0,1,0
250725-811-9887,2025-07-25,доставлен,22:34:00,23:22:00,"Москва, улица Гиляровского, 47с1",Мармелад жевательный Happy Cola Haribo,Сладости,239,239,0,1,239
250725-811-9887,2025-07-25,доставлен,22:34:00,23:22:00,"Москва, улица Гиляровского, 47с1",Сырок глазированный Из Груши ванильный в бельгийском шоколаде,Сладости,169,169,0,1,169
250725-811-9887,2025-07-25,доставлен,22:34:00,23:22:00,"Москва, улица Гиляровского, 47с1",Батончик Snickers лесной орех,Сладости,119,119,0,1,119
250725-811-9887,2025-07-25,доставлен,22:34:00,23:22:00,"Москва, улица Гиляровского, 47с1",Доставка,Услуги Груши,49,49,0,1,49
250727-210-7854,2025-07-27,доставлен,21:40:00,21:55:00,"Москва, улица Гиляровского, 47с1",Шоколад тёмный Lindt Excellence 70%,Сладости,679,679,0,1,679
250727-210-7854,2025-07-27,доставлен,21:40:00,21:55:00,"Москва, улица Гиляровского, 47с1",Доставка,Услуги Груши,79,79,0,1,79
250727-210-7854,2025-07-27,доставлен,21:40:00,21:55:00,"Москва, улица Гиляровского, 47с1",Упаковка,Услуги Груши,19,19,0,1,19
250729-041-8729,2025-07-29,доставлен,22:57:00,23:16:00,"Москва, улица Гиляровского, 47с1",Смузи манго-маракуйя Из Груши,Напитки,259,259,0,1,259
250729-041-8729,2025-07-29,доставлен,22:57:00,23:16:00,"Москва, улица Гиляровского, 47с1",Чипсы Pringles паприка,Снеки,369,369,0,1,369
250729-041-8729,2025-07-29,доставлен,22:57:00,23:16:00,"Москва, улица Гиляровского, 47с1",Тефтели из говядины и свинины в томатной поджарке с картофельным пюре Грабли,Готовая еда,489,489,0,1,489
250729-041-8729,2025-07-29,доставлен,22:57:00,23:16:00,"Москва, улица Гиляровского, 47с1",Доставка,Услуги Груши,49,49,0,1,49
250807-075-3382,2025-08-07,доставлен,23:58:00,00:13:00,"Москва, улица Гиляровского, 47с1",Сок апельсиновый Из Груши прямой отжим с мякотью пастеризованный,Напитки,639,639,0,2,1278
250807-075-3382,2025-08-07,доставлен,23:58:00,00:13:00,"Москва, улица Гиляровского, 47с1",Доставка,Услуги Груши,0,0,0,1,0
250810-119-9102,2025-08-10,доставлен,23:08:00,23:21:00,"Москва, улица Гиляровского, 47с1",Бекон сырокопчёный Велком нарезка,База,289,289,0,2,578
250810-119-9102,2025-08-10,доставлен,23:08:00,23:21:00,"Москва, улица Гиляровского, 47с1",Попкорн Holy Corn морская соль,Снеки,199,169,30,2,338
250810-119-9102,2025-08-10,доставлен,23:08:00,23:21:00,"Москва, улица Гиляровского, 47с1",Улитка с корицей Из Груши,Сладости,189,189,0,1,189
250810-119-9102,2025-08-10,доставлен,23:08:00,23:21:00,"Москва, улица Гиляровского, 47с1",Доставка,Услуги Груши,0,0,0,1,0
250825-616-6861,2025-08-25,доставлен,20:48:00,20:55:00,"Москва, улица Гиляровского, 47с1","Масло сливочное 82,5% Из Груши",База,169,169,0,1,169
250825-616-6861,2025-08-25,доставлен,20:48:00,20:55:00,"Москва, улица Гиляровского, 47с1",Вода Святой источник негазированная,Вода,69,69,0,1,69
250825-616-6861,2025-08-25,доставлен,20:48:00,20:55:00,"Москва, улица Гиляровского, 47с1",Чипсы Lay's Из Печи Сметана и ароматные травы,Снеки,119,119,0,1,119
250825-616-6861,2025-08-25,доставлен,20:48:00,20:55:00,"Москва, улица Гиляровского, 47с1",Пельмени с фермерской индейкой Из Груши,Готовая еда,499,499,0,1,499
250825-616-6861,2025-08-25,доставлен,20:48:00,20:55:00,"Москва, улица Гиляровского, 47с1",Батончик KitKat с хрустящей вафлей,Сладости,99,99,0,1,99
250825-616-6861,2025-08-25,доставлен,20:48:00,20:55:00,"Москва, улица Гиляровского, 47с1",Доставка,Услуги Груши,0,0,0,1,0
250825-616-6861,2025-08-25,доставлен,20:48:00,20:55:00,"Москва, улица Гиляровского, 47с1",Упаковка,Услуги Груши,19,19,0,1,19
250903-160-5205,2025-09-03,доставлен,21:55:00,22:13:00,"Москва, улица Гиляровского, 47с1",Лимонад Из Груши с соком груши и яблока,Напитки,149,119,30,2,238
250903-160-5205,2025-09-03,доставлен,21:55:00,22:13:00,"Москва, улица Гиляровского, 47с1",Круассан с миндалём Из Груши,Сладости,179,179,0,1,179
250903-160-5205,2025-09-03,доставлен,21:55:00,22:13:00,"Москва, улица Гиляровского, 47с1",Пирожное Картошка Из Груши,Сладости,329,329,0,1,329
250903-160-5205,2025-09-03,доставлен,21:55:00,22:13:00,"Москва, улица Гиляровского, 47с1",Доставка,Услуги Груши,0,0,0,1,0
250918-630-4381,2025-09-18,доставлен,21:35:00,22:00:00,"Москва, улица Гиляровского, 47с1",Семечки жареные отборные От Мартина,Снеки,159,159,0,1,159
250918-630-4381,2025-09-18,доставлен,21:35:00,22:00:00,"Москва, улица Гиляровского, 47с1",Фунчоза с овощами по-корейски Азбука Вкуса,Готовая еда,239,239,0,1,239
250918-630-4381,2025-09-18,доставлен,21:35:00,22:00:00,"Москва, улица Гиляровского, 47с1",Напиток кисломолочный Exponenta High-Pro черника-земляника,Напитки,119,119,0,1,119
250918-630-4381,2025-09-18,доставлен,21:35:00,22:00:00,"Москва, улица Гиляровского, 47с1",Сосиска в слоёном тесте с сыром и горчицей Хлеб насущный,Готовая еда,189,189,0,1,189
250918-630-4381,2025-09-18,доставлен,21:35:00,22:00:00,"Москва, улица Гиляровского, 47с1",Блинчики с творогом Азбука Вкуса,Готовая еда,169,169,0,1,169
250918-630-4381,2025-09-18,доставлен,21:35:00,22:00:00,"Москва, улица Гиляровского, 47с1",Доставка,Услуги Груши,49,49,0,1,49
250918-630-4381,2025-09-18,доставлен,21:35:00,22:00:00,"Москва, улица Гиляровского, 47с1",Упаковка,Услуги Груши,19,19,0,1,19
250922-946-3331,2025-09-22,доставлен,22:30:00,22:43:00,"Москва, улица Гиляровского, 47с1",Пирог с сыром и шпинатом Рамонти Пайз,Готовая еда,179,179,0,1,179
250922-946-3331,2025-09-22,доставлен,22:30:00,22:43:00,"Москва, улица Гиляровского, 47с1",Миндаль жареный солёный Из Груши,Снеки,429,429,0,1,429
250922-946-3331,2025-09-22,доставлен,22:30:00,22:43:00,"Москва, улица Гиляровского, 47с1",Доставка,Услуги Груши,0,0,0,1,0
250922-946-3331,2025-09-22,доставлен,22:30:00,22:43:00,"Москва, улица Гиляровского, 47с1",Упаковка,Услуги Груши,19,19,0,1,19
250924-530-1957,2025-09-24,доставлен,21:56:00,22:12:00,"Москва, улица Гиляровского, 47с1",Сочник с рикоттой Калачёво,Сладости,189,129,60,1,129
250924-530-1957,2025-09-24,доставлен,21:56:00,22:12:00,"Москва, улица Гиляровского, 47с1",Борщ с говядиной Азбука Вкуса,Готовая еда,909,909,0,1,909
250924-530-1957,2025-09-24,доставлен,21:56:00,22:12:00,"Москва, улица Гиляровского, 47с1",Апельсины сладкие,Фрукты,269,269,0,3,807
250924-530-1957,2025-09-24,доставлен,21:56:00,22:12:00,"Москва, улица Гиляровского, 47с1","Молоко цельное 3,4-6% Нашей дойки пастеризованное",База,109,109,0,1,109
250924-530-1957,2025-09-24,доставлен,21:56:00,22:12:00,"Москва, улица Гиляровского, 47с1",Чай холодный Из Груши с лимоном,Напитки,129,129,0,1,129
250924-530-1957,2025-09-24,доставлен,21:56:00,22:12:00,"Москва, улица Гиляровского, 47с1",Арбуз,Фрукты,369,369,0,3,1107
250924-530-1957,2025-09-24,доставлен,21:56:00,22:12:00,"Москва, улица Гиляровского, 47с1",Доставка,Услуги Груши,0,0,0,1,0
250929-454-1754,2025-09-29,доставлен,23:58:00,00:39:00,"Москва, улица Гиляровского, 47с1","Масло сливочное 82,5% Из Груши",База,169,169,0,1,169
250929-454-1754,2025-09-29,доставлен,23:58:00,00:39:00,"Москва, улица Гиляровского, 47с1",Вода Святой источник негазированная,Вода,69,69,0,1,69
250929-454-1754,2025-09-29,доставлен,23:58:00,00:39:00,"Москва, улица Гиляровского, 47с1",Доставка,Услуги Груши,79,79,0,1,79
251002-065-3005,2025-10-02,доставлен,22:59:00,23:38:00,"Москва, улица Гиляровского, 47с1",Филе куриное запечённое с помидорами и сыром Азбука Вкуса,Готовая еда,329,329,0,1,329
251002-065-3005,2025-10-02,доставлен,22:59:00,23:38:00,"Москва, улица Гиляровского, 47с1",Фунчоза с овощами по-корейски Азбука Вкуса,Готовая еда,239,239,0,1,239
251002-065-3005,2025-10-02,доставлен,22:59:00,23:38:00,"Москва, улица Гиляровского, 47с1",Чипсы Pringles паприка,Снеки,369,369,0,1,369
251002-065-3005,2025-10-02,доставлен,22:59:00,23:38:00,"Москва, улица Гиляровского, 47с1",Батончик шоколадный Milky Way 1+1,Сладости,69,69,0,1,69
251002-065-3005,2025-10-02,доставлен,22:59:00,23:38:00,"Москва, улица Гиляровского, 47с1",Доставка,Услуги Груши,99,99,0,1,99
251002-065-3005,2025-10-02,доставлен,22:59:00,23:38:00,"Москва, улица Гиляровского, 47с1",Упаковка,Услуги Груши,19,19,0,1,19
251010-088-9636,2025-10-10,доставлен,23:35:00,23:55:00,"Москва, улица Гиляровского, 47с1",Оладьи из кабачков Азбука Вкуса,Готовая еда,359,299,60,1,299
251010-088-9636,2025-10-10,доставлен,23:35:00,23:55:00,"Москва, улица Гиляровского, 47с1",Хлебцы гречневые Dr. Korner,Снеки,99,99,0,1,99
251010-088-9636,2025-10-10,доставлен,23:35:00,23:55:00,"Москва, улица Гиляровского, 47с1",Доставка,Услуги Груши,99,99,0,1,99
251011-747-8041,2025-10-11,доставлен,22:55:00,23:14:00,"Москва, улица Гиляровского, 47с1",Печенье овсяное Из Груши,Сладости,119,119,0,1,119
251011-747-8041,2025-10-11,доставлен,22:55:00,23:14:00,"Москва, улица Гиляровского, 47с1",Чипсы Pringles паприка,Снеки,369,369,0,1,369
251011-747-8041,2025-10-11,доставлен,22:55:00,23:14:00,"Москва, улица Гиляровского, 47с1",Чипсы Pringles Paprika с паприкой,Снеки,179,179,0,1,179
251011-747-8041,2025-10-11,доставлен,22:55:00,23:14:00,"Москва, улица Гиляровского, 47с1",Пирог с сыром и шпинатом Рамонти Пайз,Готовая еда,179,179,0,1,179
251011-747-8041,2025-10-11,доставлен,22:55:00,23:14:00,"Москва, улица Гиляровского, 47с1",Салат Оливье Азбука Вкуса,Готовая еда,379,379,0,1,379
251011-747-8041,2025-10-11,доставлен,22:55:00,23:14:00,"Москва, улица Гиляровского, 47с1",Доставка,Услуги Груши,0,0,0,1,0
251026-938-3600,2025-10-26,доставлен,22:40:00,23:05:00,"Москва, улица Гиляровского, 47с1",Чипсы креветочные Nongshim острые,Снеки,209,209,0,1,209
251026-938-3600,2025-10-26,доставлен,22:40:00,23:05:00,"Москва, улица Гиляровского, 47с1",Апельсины сладкие,Фрукты,269,269,0,1,269
251026-938-3600,2025-10-26,доставлен,22:40:00,23:05:00,"Москва, улица Гиляровского, 47с1",Сосиска в тесте Cook Chart Bakery,Готовая еда,129,129,0,1,129
251026-938-3600,2025-10-26,доставлен,22:40:00,23:05:00,"Москва, улица Гиляровского, 47с1",Доставка,Услуги Груши,0,0,0,1,0
251030-671-9432,2025-10-30,доставлен,22:26:00,22:38:00,"Москва, улица Гиляровского, 47с1","Масло сливочное 82,5% Из Груши",База,169,169,0,1,169
251030-671-9432,2025-10-30,доставлен,22:26:00,22:38:00,"Москва, улица Гиляровского, 47с1",Доставка,Услуги Груши,0,0,0,1,0
251030-671-9432,2025-10-30,доставлен,22:26:00,22:38:00,"Москва, улица Гиляровского, 47с1",Упаковка,Услуги Груши,19,19,0,1,19
251101-412-3820,2025-11-01,доставлен,23:01:00,23:28:00,"Москва, улица Гиляровского, 47с1",Вода Святой источник негазированная,Вода,69,69,0,1,69
251101-412-3820,2025-11-01,доставлен,23:01:00,23:28:00,"Москва, улица Гиляровского, 47с1",Доставка,Услуги Груши,0,0,0,1,0
251107-194-4628,2025-11-07,доставлен,22:31:00,23:10:00,"Москва, улица Гиляровского, 47с1",Блинчики с курицей и грибами Азбука Вкуса,Готовая еда,249,249,0,1,249
251107-194-4628,2025-11-07,доставлен,22:31:00,23:10:00,"Москва, улица Гиляровского, 47с1","Protein pot с яйцом, сыром фета и помидорами черри Азбука life",Готовая еда,249,249,0,1,249
251107-194-4628,2025-11-07,доставлен,22:31:00,23:10:00,"Москва, улица Гиляровского, 47с1",Сахар песок Из Груши,База,109,109,0,1,109
251107-194-4628,2025-11-07,доставлен,22:31:00,23:10:00,"Москва, улица Гиляровского, 47с1",Доставка,Услуги Груши,0,0,0,1,0
251107-194-4628,2025-11-07,доставлен,22:31:00,23:10:00,"Москва, улица Гиляровского, 47с1",Упаковка,Услуги Груши,19,19,0,1,19
251114-800-9049,2025-11-14,доставлен,23:07:00,23:24:00,"Москва, улица Гиляровского, 47с1",Сосиска в тесте Cook Chart Bakery,Готовая еда,129,109,20,2,218
251114-800-9049,2025-11-14,доставлен,23:07:00,23:24:00,"Москва, улица Гиляровского, 47с1",Кетчуп Heinz,База,149,149,0,1,149
251114-800-9049,2025-11-14,доставлен,23:07:00,23:24:00,"Москва, улица Гиляровского, 47с1",Бризоль куриная Азбука вкуса,Готовая еда,249,249,0,1,249
251114-800-9049,2025-11-14,доставлен,23:07:00,23:24:00,"Москва, улица Гиляровского, 47с1",Доставка,Услуги Груши,0,0,0,1,0
251114-800-9049,2025-11-14,доставлен,23:07:00,23:24:00,"Москва, улица Гиляровского, 47с1",Упаковка,Услуги Груши,19,19,0,1,19
251121-697-4674,2025-11-21,доставлен,23:31:00,23:46:00,"Москва, улица Гиляровского, 47с1",Кофе холодный латте Из Груши,Напитки,229,229,0,1,229
251121-697-4674,2025-11-21,доставлен,23:31:00,23:46:00,"Москва, улица Гиляровского, 47с1",Витамин D3 2000 МЕ Solgar 60 капсул,Аптека,1090,1090,0,1,1090
251121-697-4674,2025-11-21,доставлен,23:31:00,23:46:00,"Москва, улица Гиляровского, 47с1",Спрей для горла Гексорал,Аптека,609,609,0,1,609
251121-697-4674,2025-11-21,доставлен,23:31:00,23:46:00,"Москва, улица Гиляровского, 47с1",Пластырь бактерицидный Cosmos 20 шт,Аптека,209,209,0,1,209
251121-697-4674,2025-11-21,доставлен,23:31:00,23:46:00,"Москва, улица Гиляровского, 47с1",Доставка,Услуги Груши,0,0,0,1,0
251121-697-4674,2025-11-21,доставлен,23:31:00,23:46:00,"Москва, улица Гиляровского, 47с1",Упаковка,Услуги Груши,19,19,0,1,19
251124-343-2548,2025-11-24,доставлен,22:43:00,22:58:00,"Москва, улица Гиляровского, 47с1",Батончик шоколадный Cadbury Wispa,Сладости,149,149,0,1,149
251124-343-2548,2025-11-24,доставлен,22:43:00,22:58:00,"Москва, улица Гиляровского, 47с1",Перчики черри Из Груши фаршированные сливочным сыром,Овощи,299,229,70,1,229
251124-343-2548,2025-11-24,доставлен,22:43:00,22:58:00,"Москва, улица Гиляровского, 47с1",Шоколад молочный Ritter Sport Extra Nut с цельным лесным орехом,Сладости,179,179,0,1,179
251124-343-2548,2025-11-24,доставлен,22:43:00,22:58:00,"Москва, улица Гиляровского, 47с1",Манго Артфрут,Фрукты,139,139,0,1,139
251124-343-2548,2025-11-24,доставлен,22:43:00,22:58:00,"Москва, улица Гиляровского, 47с1",Батончик Snickers лесной орех,Сладости,119,119,0,1,119
251124-343-2548,2025-11-24,доставлен,22:43:00,22:58:00,"Москва, улица Гиляровского, 47с1",Доставка,Услуги Груши,0,0,0,1,0
251126-793-7238,2025-11-26,доставлен,23:18:00,23:35:00,"Москва, улица Гиляровского, 47с1",Рулетик с корицей и изюмом Братья Караваевы,Сладости,409,409,0,1,409
251126-793-7238,2025-11-26,доставлен,23:18:00,23:35:00,"Москва, улица Гиляровского, 47с1",Мороженое ванильное Vanilla Dream Monterra,Сладости,769,769,0,1,769
251126-793-7238,2025-11-26,доставлен,23:18:00,23:35:00,"Москва, улица Гиляровского, 47с1",Вода минеральная Рычал-Су,Вода,189,189,0,1,189
251126-793-7238,2025-11-26,доставлен,23:18:00,23:35:00,"Москва, улица Гиляровского, 47с1",Котлеты куриные на пару Азбука вкуса,Готовая еда,209,209,0,1,209
251126-793-7238,2025-11-26,доставлен,23:18:00,23:35:00,"Москва, улица Гиляровского, 47с1",Лимонад Из Груши с соком грейпфрута,Напитки,169,169,0,1,169
251126-793-7238,2025-11-26,доставлен,23:18:00,23:35:00,"Москва, улица Гиляровского, 47с1",Доставка,Услуги Груши,0,0,0,1,0
251126-793-7238,2025-11-26,доставлен,23:18:00,23:35:00,"Москва, улица Гиляровского, 47с1",Упаковка,Услуги Груши,19,19,0,1,19
251201-530-2819,2025-12-01,доставлен,21:30:00,21:47:00,"Москва, улица Гиляровского, 47с1","Масло сливочное 82,5% Из Груши",База,169,149,20,1,149
251201-530-2819,2025-12-01,доставлен,21:30:00,21:47:00,"Москва, улица Гиляровского, 47с1",Чипсы креветочные Nongshim острые,Снеки,209,209,0,1,209
251201-530-2819,2025-12-01,доставлен,21:30:00,21:47:00,"Москва, улица Гиляровского, 47с1",Чипсы Lay's Из Печи Сметана и ароматные травы,Снеки,119,119,0,1,119
251201-530-2819,2025-12-01,доставлен,21:30:00,21:47:00,"Москва, улица Гиляровского, 47с1",Рис Басмати отварной Азбука Вкуса,Готовая еда,179,179,0,1,179
251201-530-2819,2025-12-01,доставлен,21:30:00,21:47:00,"Москва, улица Гиляровского, 47с1",Доставка,Услуги Груши,0,0,0,1,0
251205-057-0393,2025-12-05,доставлен,21:51:00,22:09:00,"Москва, улица Гиляровского, 47с1",Вода Святой источник негазированная,Вода,69,69,0,1,69
251205-057-0393,2025-12-05,доставлен,21:51:00,22:09:00,"Москва, улица Гиляровского, 47с1",Помидоры черри на ветке,Овощи,269,269,0,1,269
251205-057-0393,2025-12-05,доставлен,21:51:00,22:09:00,"Москва, улица Гиляровского, 47с1",Драже M&M's арахис-молочный шоколад,Сладости,549,549,0,1,549
251205-057-0393,2025-12-05,доставлен,21:51:00,22:09:00,"Москва, улица Гиляровского, 47с1",Доставка,Услуги Груши,0,0,0,1,0
251205-057-0393,2025-12-05,доставлен,21:51:00,22:09:00,"Москва, улица Гиляровского, 47с1",Упаковка,Услуги Груши,19,19,0,1,19
251211-511-1258,2025-12-11,доставлен,23:05:00,23:14:00,"Москва, улица Гиляровского, 47с1",Батончик шоколадный Bounty,Сладости,89,89,0,1,89
251211-511-1258,2025-12-11,доставлен,23:05:00,23:14:00,"Москва, улица Гиляровского, 47с1",Семечки жареные отборные От Мартина,Снеки,159,159,0,1,159
251211-511-1258,2025-12-11,доставлен,23:05:00,23:14:00,"Москва, улица Гиляровского, 47с1",Чипсы креветочные Nongshim острые,Снеки,209,209,0,1,209
251211-511-1258,2025-12-11,доставлен,23:05:00,23:14:00,"Москва, улица Гиляровского, 47с1",Доставка,Услуги Груши,0,0,0,1,0
251211-511-1258,2025-12-11,доставлен,23:05:00,23:14:00,"Москва, улица Гиляровского, 47с1",Упаковка,Услуги Груши,19,19,0,1,19
251219-827-8544,2025-12-19,доставлен,21:34:00,21:48:00,"Москва, улица Гиляровского, 47с1",Голубика Артфрут,Фрукты,339,339,0,1,339
251219-827-8544,2025-12-19,доставлен,21:34:00,21:48:00,"Москва, улица Гиляровского, 47с1",Яблоки Хонейкрисп (Медовый хруст),Фрукты,819,819,0,1,819
251219-827-8544,2025-12-19,доставлен,21:34:00,21:48:00,"Москва, улица Гиляровского, 47с1",Лимонад Из Груши с соком грейпфрута,Напитки,169,169,0,1,169
251219-827-8544,2025-12-19,доставлен,21:34:00,21:48:00,"Москва, улица Гиляровского, 47с1",Доставка,Услуги Груши,99,99,0,1,99
251219-827-8544,2025-12-19,доставлен,21:34:00,21:48:00,"Москва, улица Гиляровского, 47с1",Упаковка,Услуги Груши,19,19,0,1,19
251225-390-3566,2025-12-25,доставлен,23:10:00,23:44:00,"Москва, улица Гиляровского, 47с1",Чипсы Московский картофель сметана и зелень рифлёные,Снеки,179,139,40,1,139
251225-390-3566,2025-12-25,доставлен,23:10:00,23:44:00,"Москва, улица Гиляровского, 47с1",Печенье Орешек со сгущёнкой Братья Караваевы,Сладости,539,539,0,1,539
251225-390-3566,2025-12-25,доставлен,23:10:00,23:44:00,"Москва, улица Гиляровского, 47с1",Доставка,Услуги Груши,0,0,0,1,0
251226-970-7410,2025-12-26,доставлен,23:06:00,23:21:00,"Москва, улица Гиляровского, 47с1",Чипсы Lay's с солью,Снеки,219,219,0,1,219
251226-970-7410,2025-12-26,доставлен,23:06:00,23:21:00,"Москва, улица Гиляровского, 47с1",Запеканка творожная с манго Азбука вкуса,Готовая еда,899,709,190,1,709
251226-970-7410,2025-12-26,доставлен,23:06:00,23:21:00,"Москва, улица Гиляровского, 47с1",Лапша рисовая с креветками и овощами Азбука life,Готовая еда,779,779,0,1,779
251226-970-7410,2025-12-26,доставлен,23:06:00,23:21:00,"Москва, улица Гиляровского, 47с1",Доставка,Услуги Груши,0,0,0,1,0
251229-033-3393,2025-12-29,доставлен,21:42:00,22:16:00,"Москва, улица Гиляровского, 47с1",Вода минеральная Petroglyph негазированная,Вода,149,149,0,1,149
251229-033-3393,2025-12-29,доставлен,21:42:00,22:16:00,"Москва, улица Гиляровского, 47с1",Чипсы Pringles сметана-лук,Снеки,349,349,0,1,349
251229-033-3393,2025-12-29,доставлен,21:42:00,22:16:00,"Москва, улица Гиляровского, 47с1",Котлеты куриные с картофельным пюре Азбука Вкуса,Готовая еда,319,319,0,1,319
251229-033-3393,2025-12-29,доставлен,21:42:00,22:16:00,"Москва, улица Гиляровского, 47с1",Поке с креветкой том ям Soul in the Bowl,Готовая еда,759,589,170,2,1178
251229-033-3393,2025-12-29,доставлен,21:42:00,22:16:00,"Москва, улица Гиляровского, 47с1",Орехи кешью жареные Из Груши,Снеки,439,439,0,2,878
251229-033-3393,2025-12-29,доставлен,21:42:00,22:16:00,"Москва, улица Гиляровского, 47с1",Доставка,Услуги Груши,0,0,0,1,0
251229-033-3393,2025-12-29,доставлен,21:42:00,22:16:00,"Москва, улица Гиляровского, 47с1",Упаковка,Услуги Груши,19,19,0,1,19
260104-570-8911,2026-01-04,отменен,23:02:00,,"Москва, улица Гиляровского, 47с1","Масло сливочное 82,5% Из Груши",База,169,119,50,1,119
260104-570-8911,2026-01-04,отменен,23:02:00,,"Москва, улица Гиляровского, 47с1",Lay's Из печи сыр-зелень,Снеки,179,179,0,1,179
260104-570-8911,2026-01-04,отменен,23:02:00,,"Москва, улица Гиляровского, 47с1",Чипсы Lay's Из Печи Лисички в сметане,Снеки,129,99,30,1,99
260104-570-8911,2026-01-04,отменен,23:02:00,,"Москва, улица Гиляровского, 47с1",Сэндвич с жареными шампиньонами и сыром Чеддер Mates,Готовая еда,369,369,0,1,369
260104-570-8911,2026-01-04,отменен,23:02:00,,"Москва, улица Гиляровского, 47с1",Мандарины Абхазия,Фрукты,329,329,0,1,329
260104-570-8911,2026-01-04,отменен,23:02:00,,"Москва, улица Гиляровского, 47с1",Доставка,Услуги Груши,0,0,0,1,0
260107-552-1468,2026-01-07,доставлен,23:35:00,00:00:00,"Москва, улица Гиляровского, 47с1",Вода Святой источник негазированная,Вода,69,69,0,1,69
260107-552-1468,2026-01-07,доставлен,23:35:00,00:00:00,"Москва, улица Гиляровского, 47с1",Напиток соевый Alpro банановый,Напитки,459,459,0,1,459
260107-552-1468,2026-01-07,доставлен,23:35:00,00:00:00,"Москва, улица Гиляровского, 47с1",Картофель Из Груши варёный,Готовая еда,69,69,0,1,69
260107-552-1468,2026-01-07,доставлен,23:35:00,00:00:00,"Москва, улица Гиляровского, 47с1",Шримп ролл с креветками Йуми,Готовая еда,659,659,0,1,659
260107-552-1468,2026-01-07,доставлен,23:35:00,00:00:00,"Москва, улица Гиляровского, 47с1",Попкорн для СВЧ Из Груши с сыром,Снеки,59,59,0,1,59
260107-552-1468,2026-01-07,доставлен,23:35:00,00:00:00,"Москва, улица Гиляровского, 47с1",Доставка,Услуги Груши,149,149,0,1,149
260109-877-3292,2026-01-09,доставлен,22:19:00,22:47:00,"Москва, улица Гиляровского, 47с1",Чипсы креветочные Nongshim острые,Снеки,229,229,0,1,229
260109-877-3292,2026-01-09,доставлен,22:19:00,22:47:00,"Москва, улица Гиляровского, 47с1",Попкорн Holy Corn нежный сыр,Снеки,89,89,0,2,178
260109-877-3292,2026-01-09,доставлен,22:19:00,22:47:00,"Москва, улица Гиляровского, 47с1",Борщ с курицей Из Груши,Готовая еда,199,199,0,1,199
260109-877-3292,2026-01-09,доставлен,22:19:00,22:47:00,"Москва, улица Гиляровского, 47с1",Доставка,Услуги Груши,0,0,0,1,0
260111-739-4357,2026-01-11,доставлен,19:37:00,20:15:00,"Москва, улица Гиляровского, 47с1",Вода минеральная Petroglyph негазированная,Вода,179,179,0,1,179
260111-739-4357,2026-01-11,доставлен,19:37:00,20:15:00,"Москва, улица Гиляровского, 47с1",Батончики шоколадные Snickers Minis,Сладости,329,329,0,3,987
260111-739-4357,2026-01-11,доставлен,19:37:00,20:15:00,"Москва, улица Гиляровского, 47с1",Суп-пюре сырный с креветками Азбука вкуса,Готовая еда,299,299,0,1,299
260111-739-4357,2026-01-11,доставлен,19:37:00,20:15:00,"Москва, улица Гиляровского, 47с1",Шаурма с курицей Из Груши,Готовая еда,899,899,0,1,899
260111-739-4357,2026-01-11,доставлен,19:37:00,20:15:00,"Москва, улица Гиляровского, 47с1",Доставка,Услуги Груши,49,49,0,1,49
260112-425-2103,2026-01-12,доставлен,20:45:00,21:07:00,"Москва, улица Гиляровского, 47с1",Батончик арахисовый Kick в карамельном шоколаде,Сладости,719,719,0,2,1438
260112-425-2103,2026-01-12,доставлен,20:45:00,21:07:00,"Москва, улица Гиляровского, 47с1",Сэндвич с мортаделлой и трюфельным соусом Из Груши,Готовая еда,269,269,0,1,269
260112-425-2103,2026-01-12,доставлен,20:45:00,21:07:00,"Москва, улица Гиляровского, 47с1",Доставка,Услуги Груши,0,0,0,1,0
260112-064-2971,2026-01-12,доставлен,22:08:00,22:28:00,"Москва, улица Гиляровского, 47с1",Чипсы Lay's Из печи Нежный сыр с зеленью,Снеки,139,139,0,2,278
260112-064-2971,2026-01-12,доставлен,22:08:00,22:28:00,"Москва, улица Гиляровского, 47с1",Напиток соевый Alpro банановый,Напитки,459,409,50,1,409
260112-064-2971,2026-01-12,доставлен,22:08:00,22:28:00,"Москва, улица Гиляровского, 47с1",Доставка,Услуги Груши,79,79,0,1,79
260113-536-4140,2026-01-13,доставлен,23:10:00,23:22:00,"Москва, улица Гиляровского, 47с1",Омлет с беконом и релишем из болгарского перца Из Груши,Готовая еда,429,429,0,2,858
260113-536-4140,2026-01-13,доставлен,23:10:00,23:22:00,"Москва, улица Гиляровского, 47с1",Чипсы Pringles паприка,Снеки,369,369,0,1,369
260113-536-4140,2026-01-13,доставлен,23:10:00,23:22:00,"Москва, улица Гиляровского, 47с1",Доставка,Услуги Груши,0,0,0,1,0
260116-960-6801,2026-01-16,доставлен,21:12:00,21:22:00,"Москва, улица Гиляровского, 47с1","Масло сливочное 82,5% Из Груши традиционное",База,199,199,0,1,199
260116-960-6801,2026-01-16,доставлен,21:12:00,21:22:00,"Москва, улица Гиляровского, 47с1",Чипсы креветочные Nongshim острые,Снеки,229,229,0,1,229
260116-960-6801,2026-01-16,доставлен,21:12:00,21:22:00,"Москва, улица Гиляровского, 47с1",Лапша рисовая с креветками и овощами Азбука life,Готовая еда,779,779,0,1,779
260116-960-6801,2026-01-16,доставлен,21:12:00,21:22:00,"Москва, улица Гиляровского, 47с1",Доставка,Услуги Груши,0,0,0,1,0
260116-960-6801,2026-01-16,доставлен,21:12:00,21:22:00,"Москва, улица Гиляровского, 47с1",Упаковка,Услуги Груши,19,19,0,1,19
260118-187-3140,2026-01-18,доставлен,20:30:00,20:52:00,"Москва, улица Гиляровского, 47с1",Битые огурцы Чихо,Готовая еда,839,839,0,1,839
260118-187-3140,2026-01-18,доставлен,20:30:00,20:52:00,"Москва, улица Гиляровского, 47с1",Сок Сады Придонья яблоко-виноград с 6 месяцев без добавления сахара,Напитки,49,39,10,2,78
260118-187-3140,2026-01-18,доставлен,20:30:00,20:52:00,"Москва, улица Гиляровского, 47с1",Чипсы Simply chips сыр пармезан с чесноком и зеленью,Снеки,119,119,0,1,119
260118-187-3140,2026-01-18,доставлен,20:30:00,20:52:00,"Москва, улица Гиляровского, 47с1",Мармелад жевательный Из Груши червяки,Сладости,529,529,0,2,1058
260118-187-3140,2026-01-18,доставлен,20:30:00,20:52:00,"Москва, улица Гиляровского, 47с1",Салат Крабовый Азбука вкуса,Готовая еда,289,289,0,1,289
260118-187-3140,2026-01-18,доставлен,20:30:00,20:52:00,"Москва, улица Гиляровского, 47с1",Омлет Классический со шпинатным соусом Из Груши,Готовая еда,179,179,0,1,179
260118-187-3140,2026-01-18,доставлен,20:30:00,20:52:00,"Москва, улица Гиляровского, 47с1",Доставка,Услуги Груши,0,0,0,1,0
260118-187-3140,2026-01-18,доставлен,20:30:00,20:52:00,"Москва, улица Гиляровского, 47с1",Упаковка,Услуги Груши,19,19,0,1,19
260121-690-2477,2026-01-21,доставлен,23:04:00,23:19:00,"Москва, улица Гиляровского, 47с1",Лимонад Из Груши с соком манго и маракуйи,Напитки,189,189,0,1,189
260121-690-2477,2026-01-21,доставлен,23:04:00,23:19:00,"Москва, улица Гиляровского, 47с1",Доставка,Услуги Груши,0,0,0,1,0
260122-214-9709,2026-01-22,доставлен,23:28:00,23:54:00,"Москва, улица Гиляровского, 47с1",Шаурма с курицей Из Груши,Готовая еда,899,899,0,1,899
260122-214-9709,2026-01-22,доставлен,23:28:00,23:54:00,"Москва, улица Гиляровского, 47с1",Доставка,Услуги Груши,0,0,0,1,0
260124-969-2006,2026-01-24,доставлен,22:39:00,22:55:00,"Москва, улица Гиляровского, 47с1",Сосиска в тесте Cook Chart Bakery,Готовая еда,159,159,0,1,159
260124-969-2006,2026-01-24,доставлен,22:39:00,22:55:00,"Москва, улица Гиляровского, 47с1",Батончик Бабаевский с помадно-сливочной начинкой,Сладости,139,139,0,1,139
260124-969-2006,2026-01-24,доставлен,22:39:00,22:55:00,"Москва, улица Гиляровского, 47с1",Фарш говяжий Из Груши,База,219,219,0,1,219
260124-969-2006,2026-01-24,доставлен,22:39:00,22:55:00,"Москва, улица Гиляровского, 47с1",Чипсы Московский картофель сметана и зелень рифлёные,Снеки,189,189,0,1,189
260124-969-2006,2026-01-24,доставлен,22:39:00,22:55:00,"Москва, улица Гиляровского, 47с1",Чипсы Lay's сметана и лук рифлёные,Снеки,229,229,0,1,229
260124-969-2006,2026-01-24,доставлен,22:39:00,22:55:00,"Москва, улица Гиляровского, 47с1",Чипсы Lay's Из Печи Сметана и ароматные травы,Снеки,129,129,0,1,129
260124-969-2006,2026-01-24,доставлен,22:39:00,22:55:00,"Москва, улица Гиляровского, 47с1",Сухари Семейка Озби в сахаре с изюмом,Снеки,439,439,0,1,439
260124-969-2006,2026-01-24,доставлен,22:39:00,22:55:00,"Москва, улица Гиляровского, 47с1",Доставка,Услуги Груши,0,0,0,1,0
260126-978-6805,2026-01-26,доставлен,22:55:00,23:11:00,"Москва, улица Гиляровского, 47с1",Напиток соевый Alpro банановый,Напитки,459,459,0,1,459
260126-978-6805,2026-01-26,доставлен,22:55:00,23:11:00,"Москва, улица Гиляровского, 47с1",Суп-пюре сырный с креветками Азбука вкуса,Готовая еда,299,299,0,1,299
260126-978-6805,2026-01-26,доставлен,22:55:00,23:11:00,"Москва, улица Гиляровского, 47с1","Напиток функциональный Actimuno натуральный 1,6%",Напитки,39,39,0,3,117
260126-978-6805,2026-01-26,доставлен,22:55:00,23:11:00,"Москва, улица Гиляровского, 47с1",Битые огурцы Чихо,Готовая еда,839,839,0,2,1678
260126-978-6805,2026-01-26,доставлен,22:55:00,23:11:00,"Москва, улица Гиляровского, 47с1",Доставка,Услуги Груши,0,0,0,1,0
260126-978-6805,2026-01-26,доставлен,22:55:00,23:11:00,"Москва, улица Гиляровского, 47с1",Упаковка,Услуги Груши,19,19,0,1,19
260127-886-8939,2026-01-27,доставлен,22:08:00,22:15:00,"Москва, улица Гиляровского, 47с1",Рис Басмати отварной Азбука Вкуса,Готовая еда,229,229,0,1,229
260127-886-8939,2026-01-27,доставлен,22:08:00,22:15:00,"Москва, улица Гиляровского, 47с1",Чипсы Pringles Original,Снеки,389,389,0,1,389
260127-886-8939,2026-01-27,доставлен,22:08:00,22:15:00,"Москва, улица Гиляровского, 47с1",Lay's Из печи томаты и базилик,Снеки,119,119,0,1,119
260127-886-8939,2026-01-27,доставлен,22:08:00,22:15:00,"Москва, улица Гиляровского, 47с1",Чипсы Lay's Из Печи Лисички в сметане,Снеки,129,129,0,1,129
260127-886-8939,2026-01-27,доставлен,22:08:00,22:15:00,"Москва, улица Гиляровского, 47с1",Шоколад молочный Kinder Chocolate Maxi,Сладости,199,149,50,2,298
260127-886-8939,2026-01-27,доставлен,22:08:00,22:15:00,"Москва, улица Гиляровского, 47с1",Доставка,Услуги Груши,0,0,0,1,0
260131-469-6495,2026-01-31,отменен,21:56:00,,"Москва, улица Гиляровского, 47с1",Батончик Twix Xtra с карамелью и шоколадом,Сладости,89,79,10,3,237
260131-469-6495,2026-01-31,отменен,21:56:00,,"Москва, улица Гиляровского, 47с1",Салат Крабовый Азбука вкуса,Готовая еда,289,289,0,2,578
260131-469-6495,2026-01-31,отменен,21:56:00,,"Москва, улица Гиляровского, 47с1",Доставка,Услуги Груши,0,0,0,1,0
260131-469-6495,2026-01-31,отменен,21:56:00,,"Москва, улица Гиляровского, 47с1",Упаковка,Услуги Груши,19,19,0,1,19
260204-085-8797,2026-02-04,доставлен,23:56:00,00:08:00,"Москва, улица Гиляровского, 47с1","Масло сливочное 82,5% Из Груши",База,169,169,0,1,169
260204-085-8797,2026-02-04,доставлен,23:56:00,00:08:00,"Москва, улица Гиляровского, 47с1",Сухарики Три корочки бекон,Снеки,69,69,0,1,69
260204-085-8797,2026-02-04,доставлен,23:56:00,00:08:00,"Москва, улица Гиляровского, 47с1",Доставка,Услуги Груши,0,0,0,1,0
260206-077-4090,2026-02-06,доставлен,22:27:00,22:48:00,"Москва, улица Гиляровского, 47с1",Шоколад молочный Kinder Chocolate Maxi,Сладости,199,169,30,1,169
260206-077-4090,2026-02-06,доставлен,22:27:00,22:48:00,"Москва, улица Гиляровского, 47с1",Начос кукурузные Delicados,Снеки,279,279,0,2,558
260206-077-4090,2026-02-06,доставлен,22:27:00,22:48:00,"Москва, улица Гиляровского, 47с1",Чипсы Pringles Paprika с паприкой,Снеки,219,159,60,2,318
260206-077-4090,2026-02-06,доставлен,22:27:00,22:48:00,"Москва, улица Гиляровского, 47с1",Лапша рисовая с креветками и овощами Азбука life,Готовая еда,779,619,160,1,619
260206-077-4090,2026-02-06,доставлен,22:27:00,22:48:00,"Москва, улица Гиляровского, 47с1",Шоколад молочный Ritter Sport Extra Nut с цельным миндалём,Сладости,289,289,0,1,289
260206-077-4090,2026-02-06,доставлен,22:27:00,22:48:00,"Москва, улица Гиляровского, 47с1",Сухари Семейка Озби в сахаре с изюмом,Снеки,439,439,0,1,439
260206-077-4090,2026-02-06,доставлен,22:27:00,22:48:00,"Москва, улица Гиляровского, 47с1",Доставка,Услуги Груши,0,0,0,1,0
260208-070-2349,2026-02-08,доставлен,21:40:00,22:02:00,"Москва, улица Гиляровского, 47с1",Батарейки Energizer MAX AA,Товары для дома,219,219,0,1,219
260208-070-2349,2026-02-08,доставлен,21:40:00,22:02:00,"Москва, улица Гиляровского, 47с1",Вода минеральная лечебно-столовая Borjomi газированная,Вода,239,239,0,1,239
260208-070-2349,2026-02-08,доставлен,21:40:00,22:02:00,"Москва, улица Гиляровского, 47с1",Напиток соевый Alpro банановый,Напитки,459,459,0,1,459
260208-070-2349,2026-02-08,доставлен,21:40:00,22:02:00,"Москва, улица Гиляровского, 47с1",Улитка с солёной карамелью и корицей Кулпром,Сладости,619,619,0,1,619
260208-070-2349,2026-02-08,доставлен,21:40:00,22:02:00,"Москва, улица Гиляровского, 47с1",Доставка,Услуги Груши,0,0,0,1,0
260213-231-3794,2026-02-13,доставлен,22:51:00,23:14:00,"Москва, улица Гиляровского, 47с1",Вода Святой источник негазированная,Вода,69,69,0,1,69
260213-231-3794,2026-02-13,доставлен,22:51:00,23:14:00,"Москва, улица Гиляровского, 47с1",Кето-курица с начинкой из брокколи и шпината с запечёнными овощами Грабли,Готовая еда,799,799,0,1,799
260213-231-3794,2026-02-13,доставлен,22:51:00,23:14:00,"Москва, улица Гиляровского, 47с1",Лимонад Из Груши с соком груши и яблока,Напитки,159,159,0,2,318
260213-231-3794,2026-02-13,доставлен,22:51:00,23:14:00,"Москва, улица Гиляровского, 47с1",Доставка,Услуги Груши,0,0,0,1,0
260225-448-1542,2026-02-25,доставлен,19:05:00,19:24:00,"Москва, улица Гиляровского, 47с1",Голубцы мясные тушеные в томатно-сливочном соусе Азбука Вкуса,Готовая еда,629,549,80,1,549
260225-448-1542,2026-02-25,доставлен,19:05:00,19:24:00,"Москва, улица Гиляровского, 47с1",Сухари Семейка Озби в сахаре с изюмом,Снеки,439,439,0,1,439
260225-448-1542,2026-02-25,доставлен,19:05:00,19:24:00,"Москва, улица Гиляровского, 47с1",Салат Цезарь с курицей Азбука Вкуса,Готовая еда,409,409,0,1,409
260225-448-1542,2026-02-25,доставлен,19:05:00,19:24:00,"Москва, улица Гиляровского, 47с1",Доставка,Услуги Груши,119,119,0,1,119
260301-742-2914,2026-03-01,доставлен,22:33:00,22:45:00,"Москва, улица Гиляровского, 47с1",Суп овощной Мадрас карри Chindi,Готовая еда,319,319,0,1,319
260301-742-2914,2026-03-01,доставлен,22:33:00,22:45:00,"Москва, улица Гиляровского, 47с1",Печенье овсяное Овсянки Бейкери с клюквой,Сладости,379,379,0,1,379
260301-742-2914,2026-03-01,доставлен,22:33:00,22:45:00,"Москва, улица Гиляровского, 47с1",Мороженое пломбир Чистая Линия,Сладости,159,159,0,3,477
260301-742-2914,2026-03-01,доставлен,22:33:00,22:45:00,"Москва, улица Гиляровского, 47с1",Попкорн Holy Corn морская соль,Снеки,209,209,0,1,209
260301-742-2914,2026-03-01,доставлен,22:33:00,22:45:00,"Москва, улица Гиляровского, 47с1",Доставка,Услуги Груши,119,119,0,1,119
260301-742-2914,2026-03-01,доставлен,22:33:00,22:45:00,"Москва, улица Гиляровского, 47с1",Упаковка,Услуги Груши,19,19,0,1,19
260308-972-9849,2026-03-08,доставлен,21:28:00,21:39:00,"Москва, улица Гиляровского, 47с1","Масло сливочное 82,5% Из Груши",База,169,169,0,1,169
260308-972-9849,2026-03-08,доставлен,21:28:00,21:39:00,"Москва, улица Гиляровского, 47с1",Доставка,Услуги Груши,149,149,0,1,149
260312-399-3101,2026-03-12,доставлен,21:40:00,21:56:00,"Москва, улица Гиляровского, 47с1","Батончики шоколадные Kitkat с хрустящей вафлей, 5 х 29 г",Сладости,219,219,0,1,219
260312-399-3101,2026-03-12,доставлен,21:40:00,21:56:00,"Москва, улица Гиляровского, 47с1",Шоколад молочный Alpen Gold фундук-изюм,Сладости,159,159,0,1,159
260312-399-3101,2026-03-12,доставлен,21:40:00,21:56:00,"Москва, улица Гиляровского, 47с1",Доставка,Услуги Груши,99,99,0,1,99
260312-399-3101,2026-03-12,доставлен,21:40:00,21:56:00,"Москва, улица Гиляровского, 47с1",Упаковка,Услуги Груши,19,19,0,1,19
260315-697-0216,2026-03-15,доставлен,21:33:00,21:41:00,"Москва, улица Гиляровского, 47с1",Батончик шоколадный Twix,Сладости,79,79,0,1,79
260315-697-0216,2026-03-15,доставлен,21:33:00,21:41:00,"Москва, улица Гиляровского, 47с1",Филе куриное запечённое с помидорами и сыром Азбука Вкуса,Готовая еда,349,349,0,1,349
260315-697-0216,2026-03-15,доставлен,21:33:00,21:41:00,"Москва, улица Гиляровского, 47с1",Вода минеральная Ессентуки №17 лечебно-столовая газированная,Вода,399,399,0,1,399
260315-697-0216,2026-03-15,доставлен,21:33:00,21:41:00,"Москва, улица Гиляровского, 47с1",Чипсы Pringles паприка,Снеки,369,369,0,1,369
260315-697-0216,2026-03-15,доставлен,21:33:00,21:41:00,"Москва, улица Гиляровского, 47с1",Доставка,Услуги Груши,0,0,0,1,0
260319-814-8835,2026-03-19,доставлен,22:56:00,23:16:00,"Москва, улица Гиляровского, 47с1",Вода Святой источник негазированная,Вода,69,59,10,4,236
260319-814-8835,2026-03-19,доставлен,22:56:00,23:16:00,"Москва, улица Гиляровского, 47с1",Доставка,Услуги Груши,0,0,0,1,0
260322-378-7578,2026-03-22,доставлен,20:44:00,21:09:00,"Москва, улица Гиляровского, 47с1",Батончик Бабаевский с помадно-сливочной начинкой,Сладости,139,139,0,2,278
260322-378-7578,2026-03-22,доставлен,20:44:00,21:09:00,"Москва, улица Гиляровского, 47с1",Напиток овсяный Nemoloko шоколадный,Напитки,49,49,0,1,49
260322-378-7578,2026-03-22,доставлен,20:44:00,21:09:00,"Москва, улица Гиляровского, 47с1",Доставка,Услуги Груши,0,0,0,1,0
260402-129-9487,2026-04-02,доставлен,19:59:00,20:40:00,"Москва, улица Гиляровского, 47с1",Вода минеральная лечебно-столовая Borjomi газированная,Вода,239,239,0,3,717
260402-129-9487,2026-04-02,доставлен,19:59:00,20:40:00,"Москва, улица Гиляровского, 47с1",Доставка,Услуги Груши,0,0,0,1,0
260407-593-5204,2026-04-07,доставлен,23:47:00,23:56:00,"Москва, улица Гиляровского, 47с1",Чипсы Lay's Из Печи Сметана и ароматные травы,Снеки,129,129,0,1,129
260407-593-5204,2026-04-07,доставлен,23:47:00,23:56:00,"Москва, улица Гиляровского, 47с1",Фунчоза с овощами по-корейски Азбука Вкуса,Готовая еда,339,339,0,1,339
260407-593-5204,2026-04-07,доставлен,23:47:00,23:56:00,"Москва, улица Гиляровского, 47с1",Салат Крабовый Азбука вкуса,Готовая еда,289,289,0,1,289
260407-593-5204,2026-04-07,доставлен,23:47:00,23:56:00,"Москва, улица Гиляровского, 47с1",Котлеты куриные с картофельным пюре Азбука Вкуса,Готовая еда,319,319,0,1,319
260407-593-5204,2026-04-07,доставлен,23:47:00,23:56:00,"Москва, улица Гиляровского, 47с1",Доставка,Услуги Груши,0,0,0,1,0
260407-593-5204,2026-04-07,доставлен,23:47:00,23:56:00,"Москва, улица Гиляровского, 47с1",Упаковка,Услуги Груши,19,19,0,1,19
260409-235-5185,2026-04-09,доставлен,23:27:00,23:42:00,"Москва, улица Гиляровского, 47с1","Масло сливочное 82,5% Из Груши",База,169,169,0,1,169
260409-235-5185,2026-04-09,доставлен,23:27:00,23:42:00,"Москва, улица Гиляровского, 47с1",Миндаль жареный солёный Из Груши,Снеки,449,449,0,1,449
260409-235-5185,2026-04-09,доставлен,23:27:00,23:42:00,"Москва, улица Гиляровского, 47с1",Батончик шоколадный Mars Max,Сладости,119,119,0,1,119
260409-235-5185,2026-04-09,доставлен,23:27:00,23:42:00,"Москва, улица Гиляровского, 47с1",Шримп ролл с креветками Йуми,Готовая еда,659,659,0,1,659
260409-235-5185,2026-04-09,доставлен,23:27:00,23:42:00,"Москва, улица Гиляровского, 47с1",Доставка,Услуги Груши,0,0,0,1,0
260410-842-6558,2026-04-10,доставлен,20:09:00,20:22:00,"Москва, улица Гиляровского, 47с1",Морс клюквенный Из Груши,Напитки,249,249,0,1,249
260410-842-6558,2026-04-10,доставлен,20:09:00,20:22:00,"Москва, улица Гиляровского, 47с1",Попкорн из креветок Нияма,Готовая еда,529,529,0,1,529
260410-842-6558,2026-04-10,доставлен,20:09:00,20:22:00,"Москва, улица Гиляровского, 47с1",Доставка,Услуги Груши,0,0,0,1,0
260411-034-8924,2026-04-11,доставлен,22:08:00,22:28:00,"Москва, улица Гиляровского, 47с1",Чипсы Lay's Из Печи Сметана и ароматные травы,Снеки,129,129,0,1,129
260411-034-8924,2026-04-11,доставлен,22:08:00,22:28:00,"Москва, улица Гиляровского, 47с1",Попкорн Holy Corn нежный сыр,Снеки,89,89,0,1,89
260411-034-8924,2026-04-11,доставлен,22:08:00,22:28:00,"Москва, улица Гиляровского, 47с1",Чистящее средство Synergetic для окон и зеркал,Товары для дома,329,329,0,1,329
260411-034-8924,2026-04-11,доставлен,22:08:00,22:28:00,"Москва, улица Гиляровского, 47с1","Напиток функциональный Actimuno клубника 1,5%",Напитки,69,69,0,2,138
260411-034-8924,2026-04-11,доставлен,22:08:00,22:28:00,"Москва, улица Гиляровского, 47с1",Доставка,Услуги Груши,0,0,0,1,0
260411-034-8924,2026-04-11,доставлен,22:08:00,22:28:00,"Москва, улица Гиляровского, 47с1",Упаковка,Услуги Груши,19,19,0,1,19
260418-629-3196,2026-04-18,отменен,23:51:00,,"Москва, улица Гиляровского, 47с1",Хлебцы гречневые Dr. Korner,Снеки,99,99,0,1,99
260418-629-3196,2026-04-18,отменен,23:51:00,,"Москва, улица Гиляровского, 47с1",Бабагануш с пшеничными лепёшками Chindi Kitchen,Готовая еда,849,849,0,1,849
260418-629-3196,2026-04-18,отменен,23:51:00,,"Москва, улица Гиляровского, 47с1",Апельсины,Фрукты,239,239,0,2,478
260418-629-3196,2026-04-18,отменен,23:51:00,,"Москва, улица Гиляровского, 47с1","Напиток овсяный Nemoloko 3,2% классический",Напитки,179,179,0,1,179
260418-629-3196,2026-04-18,отменен,23:51:00,,"Москва, улица Гиляровского, 47с1",Доставка,Услуги Груши,0,0,0,1,0
260419-908-4854,2026-04-19,доставлен,21:07:00,21:23:00,"Москва, улица Гиляровского, 47с1",Смузи манго-маракуйя Из Груши,Напитки,259,259,0,2,518
260419-908-4854,2026-04-19,доставлен,21:07:00,21:23:00,"Москва, улица Гиляровского, 47с1",Батончик молочный KitKat с хрустящей вафлей,Сладости,89,89,0,1,89
260419-908-4854,2026-04-19,доставлен,21:07:00,21:23:00,"Москва, улица Гиляровского, 47с1",Пирог с сыром и шпинатом Рамонти Пайз,Готовая еда,179,179,0,1,179
260419-908-4854,2026-04-19,доставлен,21:07:00,21:23:00,"Москва, улица Гиляровского, 47с1",Доставка,Услуги Груши,0,0,0,1,0
260419-908-4854,2026-04-19,доставлен,21:07:00,21:23:00,"Москва, улица Гиляровского, 47с1",Упаковка,Услуги Груши,19,19,0,1,19
260419-831-7284,2026-04-19,доставлен,22:37:00,23:05:00,"Москва, улица Гиляровского, 47с1",Улитка с изюмом и заварным кремом Из Груши,Сладости,139,129,10,3,387
260419-831-7284,2026-04-19,доставлен,22:37:00,23:05:00,"Москва, улица Гиляровского, 47с1",Чипсы Lay's Из Печи Сметана и ароматные травы,Снеки,129,99,30,1,99
260419-831-7284,2026-04-19,доставлен,22:37:00,23:05:00,"Москва, улица Гиляровского, 47с1",Крекеры Tuc сыр,Снеки,139,139,0,1,139
260419-831-7284,2026-04-19,доставлен,22:37:00,23:05:00,"Москва, улица Гиляровского, 47с1",Блинчики с творогом Азбука Вкуса,Готовая еда,169,169,0,1,169
260419-831-7284,2026-04-19,доставлен,22:37:00,23:05:00,"Москва, улица Гиляровского, 47с1",Доставка,Услуги Груши,0,0,0,1,0
260425-797-0906,2026-04-25,доставлен,21:17:00,21:33:00,"Москва, улица Гиляровского, 47с1",Вода Святой источник негазированная,Вода,69,69,0,4,276
260425-797-0906,2026-04-25,доставлен,21:17:00,21:33:00,"Москва, улица Гиляровского, 47с1",Вода минеральная Рычал-Су,Вода,339,339,0,3,1017
260425-797-0906,2026-04-25,доставлен,21:17:00,21:33:00,"Москва, улица Гиляровского, 47с1",Сухарики Три корочки бекон,Снеки,69,69,0,1,69
260425-797-0906,2026-04-25,доставлен,21:17:00,21:33:00,"Москва, улица Гиляровского, 47с1",Корица молотая Kotanyi,База,89,89,0,1,89
260425-797-0906,2026-04-25,доставлен,21:17:00,21:33:00,"Москва, улица Гиляровского, 47с1",Чипсы Mojno батат сыр чеддер,Снеки,219,219,0,1,219
260425-797-0906,2026-04-25,доставлен,21:17:00,21:33:00,"Москва, улица Гиляровского, 47с1",Доставка,Услуги Груши,49,49,0,1,49
260427-436-9617,2026-04-27,отменен,20:40:00,,"Москва, улица Гиляровского, 47с1",Сок Сады Придонья яблоко-виноград с 6 месяцев без добавления сахара,Напитки,49,49,0,1,49
260427-436-9617,2026-04-27,отменен,20:40:00,,"Москва, улица Гиляровского, 47с1",Чипсы Simply chips сыр пармезан с чесноком и зеленью,Снеки,119,119,0,2,238
260427-436-9617,2026-04-27,отменен,20:40:00,,"Москва, улица Гиляровского, 47с1",Доставка,Услуги Груши,0,0,0,1,0
260427-578-2853,2026-04-27,доставлен,23:38:00,23:59:00,"Москва, улица Гиляровского, 47с1",Батончик Twix Xtra с карамелью и шоколадом,Сладости,89,89,0,3,267
260427-578-2853,2026-04-27,доставлен,23:38:00,23:59:00,"Москва, улица Гиляровского, 47с1",Шоколад Kinder Chocolate с молочной начинкой,Сладости,159,159,0,1,159
260427-578-2853,2026-04-27,доставлен,23:38:00,23:59:00,"Москва, улица Гиляровского, 47с1",Чипсы Lay's с солью,Снеки,219,169,50,1,169
260427-578-2853,2026-04-27,доставлен,23:38:00,23:59:00,"Москва, улица Гиляровского, 47с1",Фунчоза с овощами по-корейски Азбука Вкуса,Готовая еда,339,339,0,2,678
260427-578-2853,2026-04-27,доставлен,23:38:00,23:59:00,"Москва, улица Гиляровского, 47с1",Крекеры Tuc сыр,Снеки,139,139,0,1,139
260427-578-2853,2026-04-27,доставлен,23:38:00,23:59:00,"Москва, улица Гиляровского, 47с1",Доставка,Услуги Груши,0,0,0,1,0
260501-978-7142,2026-05-01,доставлен,21:41:00,21:59:00,"Москва, улица Гиляровского, 47с1",Хачапури по-аджарски Из Груши,Готовая еда,289,289,0,1,289
260501-978-7142,2026-05-01,доставлен,21:41:00,21:59:00,"Москва, улица Гиляровского, 47с1",Чипсы креветочные Nongshim острые,Снеки,229,229,0,1,229
260501-978-7142,2026-05-01,доставлен,21:41:00,21:59:00,"Москва, улица Гиляровского, 47с1",Свёкла с майонезом и чесноком Азбука вкуса,Готовая еда,279,279,0,1,279
260501-978-7142,2026-05-01,доставлен,21:41:00,21:59:00,"Москва, улица Гиляровского, 47с1",Чипсы Simply chips сыр пармезан с чесноком и зеленью,Снеки,119,119,0,1,119
260501-978-7142,2026-05-01,доставлен,21:41:00,21:59:00,"Москва, улица Гиляровского, 47с1",Доставка,Услуги Груши,0,0,0,1,0
260501-052-2376,2026-05-01,доставлен,22:33:00,22:46:00,"Москва, улица Гиляровского, 47с1",Чипсы Lay's Из печи Нежный сыр с зеленью,Снеки,139,139,0,1,139
260501-052-2376,2026-05-01,доставлен,22:33:00,22:46:00,"Москва, улица Гиляровского, 47с1",Доставка,Услуги Груши,99,99,0,1,99
260505-333-8914,2026-05-05,доставлен,23:02:00,23:22:00,"Москва, улица Гиляровского, 47с1",Сухарики Три корочки бекон,Снеки,69,69,0,1,69
260505-333-8914,2026-05-05,доставлен,23:02:00,23:22:00,"Москва, улица Гиляровского, 47с1",Чипсы креветочные Nongshim острые,Снеки,229,189,40,1,189
260505-333-8914,2026-05-05,доставлен,23:02:00,23:22:00,"Москва, улица Гиляровского, 47с1",Батончик арахисовый Kick в карамельном шоколаде,Сладости,719,719,0,1,719
260505-333-8914,2026-05-05,доставлен,23:02:00,23:22:00,"Москва, улица Гиляровского, 47с1",Доставка,Услуги Груши,0,0,0,1,0
260507-194-5287,2026-05-07,доставлен,23:28:00,23:45:00,"Москва, улица Гиляровского, 47с1",Lay's Из печи сыр-зелень,Снеки,179,179,0,1,179
260507-194-5287,2026-05-07,доставлен,23:28:00,23:45:00,"Москва, улица Гиляровского, 47с1",Батончик шоколадный Mars Max,Сладости,119,119,0,1,119
260507-194-5287,2026-05-07,доставлен,23:28:00,23:45:00,"Москва, улица Гиляровского, 47с1",Сэндвич с ростбифом The Truffle,Готовая еда,309,309,0,1,309
260507-194-5287,2026-05-07,доставлен,23:28:00,23:45:00,"Москва, улица Гиляровского, 47с1",Сок апельсиновый Из Груши прямой отжим,Напитки,409,409,0,1,409
260507-194-5287,2026-05-07,доставлен,23:28:00,23:45:00,"Москва, улица Гиляровского, 47с1",Доставка,Услуги Груши,79,79,0,1,79
260511-640-1666,2026-05-11,доставлен,20:58:00,22:30:00,"Москва, улица Гиляровского, 47с1","Масло сливочное 82,5% Из Груши",База,169,169,0,1,169
260511-640-1666,2026-05-11,доставлен,20:58:00,22:30:00,"Москва, улица Гиляровского, 47с1",Хлебцы гречневые Dr. Korner,Снеки,99,89,10,1,89
260511-640-1666,2026-05-11,доставлен,20:58:00,22:30:00,"Москва, улица Гиляровского, 47с1",Плов с бараниной Азбука Вкуса,Готовая еда,349,349,0,1,349
260511-640-1666,2026-05-11,доставлен,20:58:00,22:30:00,"Москва, улица Гиляровского, 47с1",Сок апельсиновый Из Груши прямой отжим,Напитки,409,339,70,1,339
260511-640-1666,2026-05-11,доставлен,20:58:00,22:30:00,"Москва, улица Гиляровского, 47с1",Доставка,Услуги Груши,0,0,0,1,0
260511-640-1666,2026-05-11,доставлен,20:58:00,22:30:00,"Москва, улица Гиляровского, 47с1",Упаковка,Услуги Груши,19,19,0,1,19
260513-400-6672,2026-05-13,доставлен,21:00:00,21:09:00,"Москва, улица Гиляровского, 47с1",Банан,Фрукты,59,59,0,1,59
260513-400-6672,2026-05-13,доставлен,21:00:00,21:09:00,"Москва, улица Гиляровского, 47с1",Блинчики с сёмгой и творожным сыром Азбука вкуса,Готовая еда,569,569,0,2,1138
260513-400-6672,2026-05-13,доставлен,21:00:00,21:09:00,"Москва, улица Гиляровского, 47с1",Доставка,Услуги Груши,0,0,0,1,0
260515-987-1400,2026-05-15,доставлен,20:40:00,21:11:00,"Москва, улица Гиляровского, 47с1",Сок апельсиновый Из Груши прямой отжим,Напитки,409,409,0,2,818
260515-987-1400,2026-05-15,доставлен,20:40:00,21:11:00,"Москва, улица Гиляровского, 47с1",Квас Очаковский,Напитки,99,99,0,1,99
260515-987-1400,2026-05-15,доставлен,20:40:00,21:11:00,"Москва, улица Гиляровского, 47с1",Каша овсяная с ягодами Из Груши,Готовая еда,159,159,0,1,159
260515-987-1400,2026-05-15,доставлен,20:40:00,21:11:00,"Москва, улица Гиляровского, 47с1",Вафельная трубочка со сгущёнкой Братья Караваевы,Сладости,569,569,0,1,569
260515-987-1400,2026-05-15,доставлен,20:40:00,21:11:00,"Москва, улица Гиляровского, 47с1",Доставка,Услуги Груши,99,99,0,1,99
260519-716-5669,2026-05-19,доставлен,21:04:00,22:47:00,"Москва, улица Гиляровского, 47с1",Печенье Творожные ушки Братья Караваевы,Сладости,749,749,0,2,1498
260519-716-5669,2026-05-19,доставлен,21:04:00,22:47:00,"Москва, улица Гиляровского, 47с1",Доставка,Услуги Груши,0,0,0,1,0
260520-170-3818,2026-05-20,доставлен,19:57:00,20:09:00,"Москва, улица Гиляровского, 47с1",Бумажные полотенца Zewa Премиум,Товары для дома,709,709,0,1,709
260520-170-3818,2026-05-20,доставлен,19:57:00,20:09:00,"Москва, улица Гиляровского, 47с1",Картофель Из Груши варёный,Готовая еда,69,69,0,2,138
260520-170-3818,2026-05-20,доставлен,19:57:00,20:09:00,"Москва, улица Гиляровского, 47с1",Поке с креветкой том ям Soul in the Bowl,Готовая еда,1090,1090,0,1,1090
260520-170-3818,2026-05-20,доставлен,19:57:00,20:09:00,"Москва, улица Гиляровского, 47с1",Доставка,Услуги Груши,0,0,0,1,0
260521-379-1353,2026-05-21,доставлен,21:35:00,21:48:00,"Москва, улица Гиляровского, 47с1",Мармелад жевательный Haribo Goldbaren,Сладости,539,539,0,1,539
260521-379-1353,2026-05-21,доставлен,21:35:00,21:48:00,"Москва, улица Гиляровского, 47с1",Зиртек таблетки 10 мг 30 шт,Аптека,1290,1290,0,1,1290
260521-379-1353,2026-05-21,доставлен,21:35:00,21:48:00,"Москва, улица Гиляровского, 47с1",Шоколад тёмный Люкс Бабаевский,Сладости,169,169,0,1,169
260521-379-1353,2026-05-21,доставлен,21:35:00,21:48:00,"Москва, улица Гиляровского, 47с1",Доставка,Услуги Груши,49,49,0,1,49
260521-379-1353,2026-05-21,доставлен,21:35:00,21:48:00,"Москва, улица Гиляровского, 47с1",Упаковка,Услуги Груши,19,19,0,1,19
260521-060-0435,2026-05-21,доставлен,23:16:00,23:24:00,"Москва, улица Гиляровского, 47с1",Батончик Snickers лесной орех,Сладости,119,119,0,1,119
260521-060-0435,2026-05-21,доставлен,23:16:00,23:24:00,"Москва, улица Гиляровского, 47с1",Доставка,Услуги Груши,0,0,0,1,0
260521-319-0632,2026-05-21,доставлен,23:35:00,00:03:00,"Москва, улица Гиляровского, 47с1",Банан,Фрукты,59,39,20,3,117
260521-319-0632,2026-05-21,доставлен,23:35:00,00:03:00,"Москва, улица Гиляровского, 47с1",Лимонад Из Груши с соком грейпфрута,Напитки,169,169,0,1,169
260521-319-0632,2026-05-21,доставлен,23:35:00,00:03:00,"Москва, улица Гиляровского, 47с1",Доставка,Услуги Груши,0,0,0,1,0
260521-319-0632,2026-05-21,доставлен,23:35:00,00:03:00,"Москва, улица Гиляровского, 47с1",Упаковка,Услуги Груши,19,19,0,1,19
260523-618-2715,2026-05-23,доставлен,22:54:00,23:18:00,"Москва, улица Гиляровского, 47с1",Сэндвич с ростбифом The Truffle,Готовая еда,309,309,0,1,309
260523-618-2715,2026-05-23,доставлен,22:54:00,23:18:00,"Москва, улица Гиляровского, 47с1",Жареная на воке яичная лапша с креветками Ми Ксао Том Lao Lee,Готовая еда,469,339,130,1,339
260523-618-2715,2026-05-23,доставлен,22:54:00,23:18:00,"Москва, улица Гиляровского, 47с1",Сок апельсиновый Из Груши прямой отжим с мякотью пастеризованный,Напитки,639,639,0,1,639
260523-618-2715,2026-05-23,доставлен,22:54:00,23:18:00,"Москва, улица Гиляровского, 47с1","Protein pot с яйцом, сыром фета и помидорами черри Азбука life",Готовая еда,249,249,0,1,249
260523-618-2715,2026-05-23,доставлен,22:54:00,23:18:00,"Москва, улица Гиляровского, 47с1",Доставка,Услуги Груши,0,0,0,1,0
260523-618-2715,2026-05-23,доставлен,22:54:00,23:18:00,"Москва, улица Гиляровского, 47с1",Упаковка,Услуги Груши,19,19,0,1,19
260529-433-1140,2026-05-29,доставлен,22:00:00,22:21:00,"Москва, улица Гиляровского, 47с1",Вода Святой источник негазированная,Вода,69,69,0,3,207
260529-433-1140,2026-05-29,доставлен,22:00:00,22:21:00,"Москва, улица Гиляровского, 47с1",Доставка,Услуги Груши,119,119,0,1,119
260530-124-4620,2026-05-30,доставлен,20:21:00,20:39:00,"Москва, улица Гиляровского, 47с1","Напиток овсяный Nemoloko 3,2% классический",Напитки,179,179,0,1,179
260530-124-4620,2026-05-30,доставлен,20:21:00,20:39:00,"Москва, улица Гиляровского, 47с1",Доставка,Услуги Груши,0,0,0,1,0
260603-388-4406,2026-06-03,доставлен,23:42:00,00:06:00,"Москва, улица Гиляровского, 47с1",Голубика Артфрут,Фрукты,279,279,0,1,279
260603-388-4406,2026-06-03,доставлен,23:42:00,00:06:00,"Москва, улица Гиляровского, 47с1",Напиток овсяный Nemoloko шоколадный,Напитки,49,49,0,1,49
260603-388-4406,2026-06-03,доставлен,23:42:00,00:06:00,"Москва, улица Гиляровского, 47с1",Доставка,Услуги Груши,0,0,0,1,0
260603-388-4406,2026-06-03,доставлен,23:42:00,00:06:00,"Москва, улица Гиляровского, 47с1",Упаковка,Услуги Груши,19,19,0,1,19
260606-341-5020,2026-06-06,доставлен,20:58:00,21:23:00,"Москва, улица Гиляровского, 47с1",Орехи кешью жареные Из Груши,Снеки,499,499,0,1,499
260606-341-5020,2026-06-06,доставлен,20:58:00,21:23:00,"Москва, улица Гиляровского, 47с1",Чипсы Simply chips сыр пармезан с чесноком и зеленью,Снеки,119,119,0,1,119
260606-341-5020,2026-06-06,доставлен,20:58:00,21:23:00,"Москва, улица Гиляровского, 47с1",Миндаль жареный солёный Из Груши,Снеки,449,449,0,1,449
260606-341-5020,2026-06-06,доставлен,20:58:00,21:23:00,"Москва, улица Гиляровского, 47с1",Доставка,Услуги Груши,0,0,0,1,0
260606-341-5020,2026-06-06,доставлен,20:58:00,21:23:00,"Москва, улица Гиляровского, 47с1",Упаковка,Услуги Груши,19,19,0,1,19
260606-258-0043,2026-06-06,доставлен,21:31:00,22:50:00,"Москва, улица Гиляровского, 47с1",Чипсы креветочные Nongshim острые,Снеки,229,229,0,1,229
260606-258-0043,2026-06-06,доставлен,21:31:00,22:50:00,"Москва, улица Гиляровского, 47с1",Доставка,Услуги Груши,0,0,0,1,0
260620-410-1763,2026-06-20,доставлен,21:03:00,21:29:00,"Москва, улица Гиляровского, 47с1","Масло сливочное 82,5% Из Груши",База,169,169,0,1,169
260620-410-1763,2026-06-20,доставлен,21:03:00,21:29:00,"Москва, улица Гиляровского, 47с1",Шоколад молочный пористый Milka Bubbles,Сладости,279,279,0,1,279
260620-410-1763,2026-06-20,доставлен,21:03:00,21:29:00,"Москва, улица Гиляровского, 47с1",Спрей для горла Гексорал,Аптека,609,609,0,1,609
260620-410-1763,2026-06-20,доставлен,21:03:00,21:29:00,"Москва, улица Гиляровского, 47с1",Чипсы Lay's Из Печи Сметана и ароматные травы,Снеки,129,109,20,1,109
260620-410-1763,2026-06-20,доставлен,21:03:00,21:29:00,"Москва, улица Гиляровского, 47с1",Доставка,Услуги Груши,49,49,0,1,49
260627-695-0977,2026-06-27,доставлен,22:20:00,22:36:00,"Москва, улица Гиляровского, 47с1",Сок грейпфрутовый Из Груши прямого отжима,Напитки,429,429,0,1,429
260627-695-0977,2026-06-27,доставлен,22:20:00,22:36:00,"Москва, улица Гиляровского, 47с1",Доставка,Услуги Груши,99,99,0,1,99
260628-192-5557,2026-06-28,доставлен,22:26:00,23:01:00,"Москва, улица Гиляровского, 47с1",Сок апельсиновый Из Груши прямой отжим с мякотью пастеризованный,Напитки,639,639,0,1,639
260628-192-5557,2026-06-28,доставлен,22:26:00,23:01:00,"Москва, улица Гиляровского, 47с1",Филе куриное запечённое с помидорами и сыром Азбука Вкуса,Готовая еда,349,349,0,1,349
260628-192-5557,2026-06-28,доставлен,22:26:00,23:01:00,"Москва, улица Гиляровского, 47с1","Напиток функциональный Actimuno клубника 1,5%",Напитки,69,49,20,1,49
260628-192-5557,2026-06-28,доставлен,22:26:00,23:01:00,"Москва, улица Гиляровского, 47с1",Свёкла с майонезом и чесноком Азбука вкуса,Готовая еда,279,279,0,1,279
260628-192-5557,2026-06-28,доставлен,22:26:00,23:01:00,"Москва, улица Гиляровского, 47с1",Суп-пюре сырный с креветками Азбука вкуса,Готовая еда,299,299,0,1,299
260628-192-5557,2026-06-28,доставлен,22:26:00,23:01:00,"Москва, улица Гиляровского, 47с1",Пастила яблочная Белёвская,Сладости,990,990,0,1,990
260628-192-5557,2026-06-28,доставлен,22:26:00,23:01:00,"Москва, улица Гиляровского, 47с1",Доставка,Услуги Груши,0,0,0,1,0
260629-462-0828,2026-06-29,доставлен,21:29:00,21:42:00,"Москва, улица Гиляровского, 47с1",Салат Оливье Азбука Вкуса,Готовая еда,439,439,0,1,439
260629-462-0828,2026-06-29,доставлен,21:29:00,21:42:00,"Москва, улица Гиляровского, 47с1",Сэндвич-ролл с креветками в соусе Том-ям Нияма,Готовая еда,279,279,0,1,279
260629-462-0828,2026-06-29,доставлен,21:29:00,21:42:00,"Москва, улица Гиляровского, 47с1",Пирожки с яйцом и зелёным луком Cook chart bakery,Готовая еда,99,99,0,1,99
260629-462-0828,2026-06-29,доставлен,21:29:00,21:42:00,"Москва, улица Гиляровского, 47с1",Доставка,Услуги Груши,79,79,0,1,79
260629-462-0828,2026-06-29,доставлен,21:29:00,21:42:00,"Москва, улица Гиляровского, 47с1",Упаковка,Услуги Груши,19,19,0,1,19
260702-752-8299,2026-07-02,доставлен,21:20:00,21:29:00,"Москва, улица Гиляровского, 47с1",Вода Святой источник негазированная,Вода,69,69,0,1,69
260702-752-8299,2026-07-02,доставлен,21:20:00,21:29:00,"Москва, улица Гиляровского, 47с1",Шоколад молочный Alpen Gold фундук-изюм,Сладости,159,159,0,1,159
260702-752-8299,2026-07-02,доставлен,21:20:00,21:29:00,"Москва, улица Гиляровского, 47с1",Орехи кешью жареные Из Груши,Снеки,499,499,0,1,499
260702-752-8299,2026-07-02,доставлен,21:20:00,21:29:00,"Москва, улица Гиляровского, 47с1",Доставка,Услуги Груши,0,0,0,1,0
260707-706-8136,2026-07-07,доставлен,23:37:00,23:54:00,"Москва, улица Гиляровского, 47с1",Блинчики с сёмгой и творожным сыром Азбука вкуса,Готовая еда,569,569,0,1,569
260707-706-8136,2026-07-07,доставлен,23:37:00,23:54:00,"Москва, улица Гиляровского, 47с1",Чипсы Pringles Paprika с паприкой,Снеки,219,219,0,1,219
260707-706-8136,2026-07-07,доставлен,23:37:00,23:54:00,"Москва, улица Гиляровского, 47с1",Доставка,Услуги Груши,49,49,0,1,49
260709-233-9349,2026-07-09,доставлен,20:22:00,20:55:00,"Москва, улица Гиляровского, 47с1",Попкорн Holy Corn нежный сыр,Снеки,89,89,0,1,89
260709-233-9349,2026-07-09,доставлен,20:22:00,20:55:00,"Москва, улица Гиляровского, 47с1",Напиток соевый Alpro банановый,Напитки,459,459,0,2,918
260709-233-9349,2026-07-09,доставлен,20:22:00,20:55:00,"Москва, улица Гиляровского, 47с1",Котлеты куриные с картофельным пюре Азбука Вкуса,Готовая еда,319,319,0,1,319
260709-233-9349,2026-07-09,доставлен,20:22:00,20:55:00,"Москва, улица Гиляровского, 47с1",Доставка,Услуги Груши,0,0,0,1,0
260709-233-9349,2026-07-09,доставлен,20:22:00,20:55:00,"Москва, улица Гиляровского, 47с1",Упаковка,Услуги Груши,19,19,0,1,19
260709-816-6992,2026-07-09,доставлен,22:14:00,22:31:00,"Москва, улица Гиляровского, 47с1",Булочка с маком Братья Караваевы,Сладости,319,269,50,1,269
260709-816-6992,2026-07-09,доставлен,22:14:00,22:31:00,"Москва, улица Гиляровского, 47с1",Витамин D3 2000 МЕ Solgar 60 капсул,Аптека,959,959,0,1,959
260709-816-6992,2026-07-09,доставлен,22:14:00,22:31:00,"Москва, улица Гиляровского, 47с1",Доставка,Услуги Груши,119,119,0,1,119
260713-799-5928,2026-07-13,доставлен,21:17:00,21:28:00,"Москва, улица Гиляровского, 47с1","Напиток соевый Alpro Banana банановый 1,8%",Напитки,119,119,0,1,119
260713-799-5928,2026-07-13,доставлен,21:17:00,21:28:00,"Москва, улица Гиляровского, 47с1",Доставка,Услуги Груши,49,49,0,1,49
260721-572-7758,2026-07-21,доставлен,20:16:00,20:44:00,"Москва, улица Гиляровского, 47с1","Масло сливочное 82,5% Из Груши",База,169,169,0,1,169
260721-572-7758,2026-07-21,доставлен,20:16:00,20:44:00,"Москва, улица Гиляровского, 47с1",Смузи манго-маракуйя Из Груши,Напитки,259,259,0,2,518
260721-572-7758,2026-07-21,доставлен,20:16:00,20:44:00,"Москва, улица Гиляровского, 47с1",Фунчоза с овощами по-корейски Азбука Вкуса,Готовая еда,339,339,0,1,339
260721-572-7758,2026-07-21,доставлен,20:16:00,20:44:00,"Москва, улица Гиляровского, 47с1",Доставка,Услуги Груши,0,0,0,1,0
260721-572-7758,2026-07-21,доставлен,20:16:00,20:44:00,"Москва, улица Гиляровского, 47с1",Упаковка,Услуги Груши,19,19,0,1,19
260723-848-1682,2026-07-23,доставлен,23:58:00,00:22:00,"Москва, улица Гиляровского, 47с1",Рулетик с корицей и изюмом Братья Караваевы,Сладости,409,409,0,1,409
260723-848-1682,2026-07-23,доставлен,23:58:00,00:22:00,"Москва, улица Гиляровского, 47с1",Голубика Артфрут,Фрукты,279,279,0,1,279
260723-848-1682,2026-07-23,доставлен,23:58:00,00:22:00,"Москва, улица Гиляровского, 47с1",Доставка,Услуги Груши,49,49,0,1,49
260728-045-4523,2026-07-28,доставлен,23:13:00,23:25:00,"Москва, улица Гиляровского, 47с1",Сыр Пармезан Из Груши тёртый 40%,База,199,199,0,1,199
260728-045-4523,2026-07-28,доставлен,23:13:00,23:25:00,"Москва, улица Гиляровского, 47с1",Салат Цезарь с курицей Азбука Вкуса,Готовая еда,409,409,0,1,409
260728-045-4523,2026-07-28,доставлен,23:13:00,23:25:00,"Москва, улица Гиляровского, 47с1",Попкорн Holy Corn нежный сыр,Снеки,89,89,0,1,89
260728-045-4523,2026-07-28,доставлен,23:13:00,23:25:00,"Москва, улица Гиляровского, 47с1",Пельмени с фермерской индейкой Из Груши,Готовая еда,899,899,0,1,899
260728-045-4523,2026-07-28,доставлен,23:13:00,23:25:00,"Москва, улица Гиляровского, 47с1",Доставка,Услуги Груши,0,0,0,1,0
260820-578-9055,2026-08-20,доставлен,23:58:00,00:19:00,"Москва, улица Гиляровского, 47с1",Вода Святой источник негазированная,Вода,69,59,10,1,59
260820-578-9055,2026-08-20,доставлен,23:58:00,00:19:00,"Москва, улица Гиляровского, 47с1",Чипсы Lay's сметана и лук рифлёные,Снеки,229,229,0,1,229
260820-578-9055,2026-08-20,доставлен,23:58:00,00:19:00,"Москва, улица Гиляровского, 47с1",Шоколад молочный пористый Milka Bubbles,Сладости,279,279,0,1,279
260820-578-9055,2026-08-20,доставлен,23:58:00,00:19:00,"Москва, улица Гиляровского, 47с1",Шоколад тёмный Lindt Excellence с кусочками апельсина,Сладости,1090,1090,0,1,1090
260820-578-9055,2026-08-20,доставлен,23:58:00,00:19:00,"Москва, улица Гиляровского, 47с1",Мороженое молочное Bounty,Сладости,649,649,0,1,649
260820-578-9055,2026-08-20,доставлен,23:58:00,00:19:00,"Москва, улица Гиляровского, 47с1",Доставка,Услуги Груши,0,0,0,1,0
260820-578-9055,2026-08-20,доставлен,23:58:00,00:19:00,"Москва, улица Гиляровского, 47с1",Упаковка,Услуги Груши,19,19,0,1,19
260822-865-2195,2026-08-22,доставлен,22:14:00,22:25:00,"Москва, улица Гиляровского, 47с1","Масло сливочное 82,5% Из Груши",База,169,169,0,1,169
260822-865-2195,2026-08-22,доставлен,22:14:00,22:25:00,"Москва, улица Гиляровского, 47с1",Смузи манго-маракуйя Из Груши,Напитки,259,259,0,1,259
260822-865-2195,2026-08-22,доставлен,22:14:00,22:25:00,"Москва, улица Гиляровского, 47с1",Пирожки с яйцом и зелёным луком Cook chart bakery,Готовая еда,99,99,0,1,99
260822-865-2195,2026-08-22,доставлен,22:14:00,22:25:00,"Москва, улица Гиляровского, 47с1",Драже M&M's арахис-молочный шоколад,Сладости,549,489,60,1,489
260822-865-2195,2026-08-22,доставлен,22:14:00,22:25:00,"Москва, улица Гиляровского, 47с1",Доставка,Услуги Груши,0,0,0,1,0
260824-904-7492,2026-08-24,доставлен,21:33:00,21:45:00,"Москва, улица Гиляровского, 47с1",Яблоки Гала,Фрукты,49,49,0,1,49
260824-904-7492,2026-08-24,доставлен,21:33:00,21:45:00,"Москва, улица Гиляровского, 47с1",Доставка,Услуги Груши,0,0,0,1,0
260824-496-0914,2026-08-24,доставлен,22:49:00,23:06:00,"Москва, улица Гиляровского, 47с1",Пирог с картофелем и сыром Рамонти Пайз,Готовая еда,159,159,0,1,159
260824-496-0914,2026-08-24,доставлен,22:49:00,23:06:00,"Москва, улица Гиляровского, 47с1",Батончик Бабаевский с помадно-сливочной начинкой,Сладости,139,139,0,1,139
260824-496-0914,2026-08-24,доставлен,22:49:00,23:06:00,"Москва, улица Гиляровского, 47с1",Чипсы Lay's краб,Снеки,139,139,0,1,139
260824-496-0914,2026-08-24,доставлен,22:49:00,23:06:00,"Москва, улица Гиляровского, 47с1",Профитроли с заварным кремом Балабаев 4 шт.,Сладости,219,219,0,1,219
260824-496-0914,2026-08-24,доставлен,22:49:00,23:06:00,"Москва, улица Гиляровского, 47с1",Огурцы колючие ТСХ,Овощи,89,89,0,1,89
260824-496-0914,2026-08-24,доставлен,22:49:00,23:06:00,"Москва, улица Гиляровского, 47с1",Доставка,Услуги Груши,0,0,0,1,0
260824-496-0914,2026-08-24,доставлен,22:49:00,23:06:00,"Москва, улица Гиляровского, 47с1",Упаковка,Услуги Груши,19,19,0,1,19
260824-001-5378,2026-08-24,доставлен,23:02:00,23:11:00,"Москва, улица Гиляровского, 47с1",Суп том-ям с креветками Азбука Вкуса,Готовая еда,389,389,0,1,389
260824-001-5378,2026-08-24,доставлен,23:02:00,23:11:00,"Москва, улица Гиляровского, 47с1",Кофе холодный латте Из Груши,Напитки,229,229,0,3,687
260824-001-5378,2026-08-24,доставлен,23:02:00,23:11:00,"Москва, улица Гиляровского, 47с1",Батончики KitKat с хрустящей вафлей в молочном шоколаде,Сладости,719,719,0,1,719
260824-001-5378,2026-08-24,доставлен,23:02:00,23:11:00,"Москва, улица Гиляровского, 47с1",Клубника свежая Артфрут,Фрукты,1390,1390,0,1,1390
260824-001-5378,2026-08-24,доставлен,23:02:00,23:11:00,"Москва, улица Гиляровского, 47с1",Доставка,Услуги Груши,0,0,0,1,0
